_id,ltable_ISBN13,rtable_ISBN13,ltable_Original_Title,ltable_Author,ltable_Publisher,ltable_Published_Date,rtable_Original_Title,rtable_Author,rtable_Publisher,rtable_Published_Date,label
13,9780006486015,9780553582444,Fool's Errand,Robin Hobb, Voyager,2002,Fool's Errand (Tawny Man Series #1),Robin Hobb,Random House Publishing Group,2002,1
18,9780007149827,9780007149834,The Yiddish Policemen's Union,Michael Chabon, HarperCollins,2007,The Yiddish Policemen's Union,Michael Chabon,HarperCollins Publishers,2008,1
24,9780007165162,9780446355452,Are You Afraid of the Dark?,Sidney Sheldon, HarperCollins Publishers,2005,Master of the Game,Sidney Sheldon,Grand Central Publishing,1988,0
40,9780007201785,9780385344210,Bones of the Hills,Conn Iggulden, HarperCollins,2008,Genghis: Birth of an Empire (Khan Dynasty Series #1),Conn Iggulden,Random House Publishing Group,2010,0
44,9780007208005,9781401307462,The Tea Rose,Jennifer Donnelly, Harper Collins Ltd,2006,The Winter Rose,Jennifer Donnelly,Hachette Books,2009,0
77,9780007273744,9780061561658,The Dragon Keeper,Robin Hobb, Voyager,2009,Dragon Keeper (Rain Wilds Chronicles #1),Robin Hobb,HarperCollins Publishers,2011,1
87,9780007302147,9780061240904,Skulduggery Pleasant: The Faceless Ones,Derek Landy, HarperCollins Children's Books,2009,Playing with Fire (Skulduggery Pleasant Series #2),Derek Landy,HarperCollins Publishers,2009,0
115,9780007335817,9780061561658,Dragon Haven,Robin Hobb, Voyager,2010,Dragon Keeper (Rain Wilds Chronicles #1),Robin Hobb,HarperCollins Publishers,2011,0
127,9780007343874,9780062060747,The Woodcutter,Reginald Hill, HarperCollins Publishers,2010,The Woodcutter,Reginald Hill,HarperCollins Publishers,2011,1
189,9780060278250,9780062315571,Abhorsen,Garth Nix, HarperTeen,2002,Abhorsen (Abhorsen Series #3),Garth Nix,HarperCollins Publishers,2014,1
190,9780060393496,9780061469084,The Hour I First Believed,Wally Lamb, Harper,2008,I Know This Much Is True,Wally Lamb,HarperCollins Publishers,2008,0
216,9780060515126,9780060515133,The Plague of Doves,Louise Erdrich, HarperCollins,2008,The Plague of Doves,Louise Erdrich,HarperCollins Publishers,2009,1
243,9780060518059,9780887308581,Dilbert and the Way of the Weasel,Scott Adams, HarperBusiness,2002,"Dilbert Principle: A Cubicle's-Eye View of Bosses, Meetings, Management Fads and Other Workplace Afflictions",Scott Adams,HarperCollins Publishers,1997,0
249,9780060525118,9780061479939,"Size 12 Is Not Fat (Heather Wells, #1)",Meg Cabot, William Morrow Paperbacks,2005,The Princess Diaries (Princess Diaries Series #1),Meg Cabot,HarperCollins Publishers,2008,0
256,9780060530921,9780060530945,The Graveyard Book,Neil Gaiman, HarperCollins,2008,The Graveyard Book,Neil Gaiman,HarperCollins Publishers,2010,1
270,9780060535032,9788401342615,La ciudad de las bestias,Isabel Allende, Rayo,2004,De amor y de sombra,Isabel Allende,Penguin Random House Grupo Editorial EspaÌ±a,2014,0
273,9780060542979,9780062277770,The Lost: A Search for Six of Six Million,Daniel Mendelsohn, Harper,2006,The Lost: A Search for Six of Six Million,Daniel Mendelsohn,HarperCollins Publishers,2013,1
284,9780060566227,9780064408653,The Vile Village,Lemony Snicket, HarperCollins Publishers,2001,The Vile Village: Book the Seventh (A Series of Unfortunate Events),Lemony Snicket,HarperCollins Publishers,2001,1
286,9780060572150,9780060572150,Truth & Beauty: A Friendship,Ann Patchett, Harper Perennial,2005,Truth and Beauty: A Friendship,Ann Patchett,HarperCollins Publishers,2005,1
294,9780060572990,9780060572969,Every Which Way But Dead,Kim Harrison, HarperTorch,2005,Dead Witch Walking (Hollows Series #1),Kim Harrison,HarperCollins Publishers,2004,0
303,9780060577360,9780060577391,"Flyte (Septimus Heap, #2)",Angie Sage, HarperCollins Publishers,2007,Physik (Septimus Heap Series #3),Angie Sage,HarperCollins Publishers,2008,0
304,9780060577360,9780060882129,"Flyte (Septimus Heap, #2)",Angie Sage, HarperCollins Publishers,2007,Syren (Septimus Heap Series #5),Angie Sage,HarperCollins Publishers,2011,0
305,9780060577377,9780060577339,Physik (Septimus Heap #3),Angie Sage, Katherine Tegen Books,2007,Magyk (Septimus Heap Series #1),Angie Sage,HarperCollins Publishers,2006,0
306,9780060577377,9780060577360,Physik (Septimus Heap #3),Angie Sage, Katherine Tegen Books,2007,Flyte (Septimus Heap Series #2),Angie Sage,HarperCollins Publishers,2007,0
320,9780060589448,9788401342615,El reino del dragÌ_n de oro,Isabel Allende, Rayo,2005,De amor y de sombra,Isabel Allende,Penguin Random House Grupo Editorial EspaÌ±a,2014,0
369,9780060750862,9780060750862,The System of the World,Neal Stephenson, William Morrow Paperbacks,2005,The System of the World (Baroque Cycle Series #3),Neal Stephenson,HarperCollins Publishers,2005,1
383,9780060766245,9780060766269,"Night of the Soul Stealer (The Last Apprentice / Wardstone Chronicles, Book 3)",Joseph Delaney, Greenwillow Books,2007,Night of the Soul Stealer (Last Apprentice Series #3),Joseph Delaney,HarperCollins Publishers,2008,1
396,9780060787219,9780060951276,El Zorro,Isabel Allende, HarperLargePrint,2005,El plan infinito (The Infinite Plan),Isabel Allende,HarperCollins Publishers,2002,0
406,9780060788704,9780061149825,The Outlaw Demon Wails,Kim Harrison, Eos,2008,The Outlaw Demon Wails (Hollows Series #6),Kim Harrison,HarperCollins Publishers,2008,1
411,9780060817275,9780425219256,City of Shadows,Ariana Franklin, William Morrow Paperbacks,2007,Mistress of the Art of Death (Mistress of the Art of Death Series #1),Ariana Franklin,Penguin Publishing Group,2008,0
415,9780060821098,9780060821104,MirrorMask,Neil Gaiman, HarperCollins Publishers,2005,MirrorMask,Neil Gaiman,HarperCollins Publishers,2005,1
426,9780060825317,9780060825317,The Madonnas of Leningrad,Debra Dean, Harper Perennial,2007,The Madonnas of Leningrad: A Novel,Debra Dean,HarperCollins Publishers,2007,1
429,9780060835774,9780062642981,The King of Attolia,Megan Whalen Turner, Greenwillow Books,2006,The King of Attolia,Megan Whalen Turner,HarperCollins Publishers,2017,1
465,9780060881900,9780062326034,"Taking Charge of Your Fertility: The Definitive Guide to Natural Birth Control, Pregnancy Achievement, and Reproductive Health",Toni Weschler, William Morrow Paperbacks,2006,"Taking Charge of Your Fertility, 20th Anniversary Edition: The Definitive Guide to Natural Birth Control, Pregnancy Achievement, and Reproductive Health",Toni Weschler,HarperCollins Publishers,2015,1
473,9780060887186,9780061149047,The Last Kingdom,Bernard Cornwell, HarperCollins,2006,Lords of the North (Last Kingdom Series #3) (Saxon Tales),Bernard Cornwell,HarperCollins Publishers,2008,0
514,9780060989156,9780060989156,The Dirt: Confessions of the World's Most Notorious Rock Band,Tommy Lee, HarperCollins Publishers,2002,The Dirt: Confessions of the World's Most Notorious Rock Band,Tommy Lee,HarperCollins Publishers,2002,1
532,9780061130359,9780061130366,Sacred Games,Vikram Chandra, HarperCollins,2006,Sacred Games,Vikram Chandra,HarperCollins Publishers,2007,1
536,9780061138010,9780060572969,"White Witch, Black Curse",Kim Harrison, Eos,2009,Dead Witch Walking (Hollows Series #1),Kim Harrison,HarperCollins Publishers,2004,0
573,9780061147975,9780061147982,20th Century Ghosts,Joe Hill, William Morrow,2007,20th Century Ghosts,Joe Hill,HarperCollins Publishers,2008,1
595,9780061214684,9780061214707,"Ink Exchange (Wicked Lovely, #2)",Melissa Marr, HarperTeen,2008,Ink Exchange (Wicked Lovely Series #2),Melissa Marr,HarperCollins Publishers,2009,1
615,9780061231155,9780061240935,Skulduggery Pleasant,Derek Landy, HarperCollins,2007,The Faceless Ones (Skulduggery Pleasant Series #3),Derek Landy,HarperCollins Publishers,2010,0
649,9780061284397,9780061284441,Evernight,Claudia Gray, HarperTeen,2009,Evernight (Evernight Series #1),Claudia Gray,HarperCollins Publishers,2009,1
730,9780061668067,9780061668081,Spells,Aprilynne Pike, HarperTeen,2010,Spells (Laurel Series #2),Aprilynne Pike,HarperCollins Publishers,2011,1
756,9780061779725,9780061779732,Bite Me,Christopher Moore, HarperCollins William Morrow,2010,Bite Me,Christopher Moore,HarperCollins Publishers,2011,1
778,9780061779848,9780061779862,Desires of the Dead,Kimberly Derting, HarperCollins Children's Books,2011,Desires of the Dead (Body Finder Series #2),Kimberly Derting,HarperCollins Publishers,2012,1
812,9780061870934,9780062642981,A Conspiracy of Kings,Megan Whalen Turner, Greenwillow Books/HarperCollins Publishers,2010,The King of Attolia,Megan Whalen Turner,HarperCollins Publishers,2017,0
819,9780061916052,9780061916052,The Financial Lives of the Poets,Jess Walter, Harper Perennial,2010,The Financial Lives of the Poets,Jess Walter,HarperCollins Publishers,2010,1
823,9780061928123,9780061928178,Beautiful Ruins,Jess Walter, Harper,2012,Beautiful Ruins,Jess Walter,HarperCollins Publishers,2013,1
832,9780061933080,9780061456770,City of Souls,Vicki Pettersson, HarperCollins e-books,2009,Cheat the Grave (Signs of the Zodiac Series #5),Vicki Pettersson,HarperCollins Publishers,2010,0
833,9780061935084,9780061935138,"Firelight (Firelight, #1)",Sophie Jordan, HarperTeen,2010,Hidden: A Firelight Novel,Sophie Jordan,HarperCollins Publishers,2013,0
852,9780061974557,9780061974571,The Power of Six,Pittacus Lore, HarperCollins,2011,The Power of Six (Lorien Legacies Series #2),Pittacus Lore,HarperCollins Publishers,2012,1
866,9780061997952,9780061456770,Cheat the Grave,Vicki Pettersson, HarperCollins e-books,2010,Cheat the Grave (Signs of the Zodiac Series #5),Vicki Pettersson,HarperCollins Publishers,2010,1
890,9780062041265,9780062041289,The Sisters Brothers,Patrick deWitt, Ecco,2011,The Sisters Brothers,Patrick deWitt,HarperCollins Publishers,2012,1
892,9780062049803,9780062049810,State of Wonder,Ann Patchett, HarperCollins Publishers,2011,State of Wonder,Ann Patchett,HarperCollins Publishers,2012,1
895,9780062059932,9780062349859,The Selection,Kiera Cass, HarperTeen,2012,The Heir (Selection Series #4),Kiera Cass,HarperCollins Publishers,2015,0
937,9780062072184,9780451215734,Portrait of a Spy,Daniel Silva, Harper,2011,Prince of Fire (Gabriel Allon Series #5),Daniel Silva,Penguin Publishing Group,2006,0
946,9780062078148,9780062019745,One Lucky Vampire,Lynsay Sands, Avon,2013,Love Bites (Argeneau Vampire Series #2),Lynsay Sands,HarperCollins Publishers,2010,0
1034,9780062285683,9780062237422,Four: A Divergent Collection,Veronica Roth, HarperCollins Publishers,2014,Free Four: Tobias Tells the Divergent Knife-Throwing Scene,Veronica Roth,HarperCollins Publishers,2012,0
1037,9780062285683,9780062388452,Four: A Divergent Collection,Veronica Roth, HarperCollins Publishers,2014,Insurgent (B&N Exclusive Edition) (Divergent Series #2),Veronica Roth,HarperCollins Children's Books,2015,0
1060,9780064410144,9780064410144,The Grim Grotto,Lemony Snicket, HarperCollins Publishers,2004,The Grim Grotto: Book the Eleventh (A Series of Unfortunate Events),Lemony Snicket,HarperCollins Publishers,2004,1
1107,9780099490579,9783442416561,Die Stadt der TrÌ_umenden BÌ_cher,Walter Moers, Vintage,2007,Die 13 1/2 Leben des KÌ_pt'n BlaubÌ_r,Walter Moers,"Goldmann, Wilhelm Verlag GmbH",2001,1
1109,9780099494287,9780802118776,Blood River: A Journey to Africa's Broken Heart,Tim Butcher, Vintage,2008,Blood River: A Journey to Africa's Broken Heart,Tim Butcher,"Grove/Atlantic, Inc.",2008,1
1117,9780099559245,9780812979787,Night Film,Marisha Pessl, Windmill Books,2014,Night Film,Marisha Pessl,Random House Publishing Group,2014,1
1124,9780099592419,9780679744665,The Moor's Last Sigh,Salman Rushdie, Vintage,1996,The Moor's Last Sigh,Salman Rushdie,Knopf Doubleday Publishing Group,1997,1
1143,9780141325026,9781484721469,The Enemy,Charlie Higson, Penguin UK,2009,The Enemy (Enemy Series #1),Charlie Higson,Disney Press,2014,1
1145,9780141329994,9780786838653,The Lightning Thief,Rick Riordan, Puffin,2009,The Lightning Thief (Percy Jackson and the Olympians Series #1),Rick Riordan,Disney-Hyperion,2006,1
1168,9780141335742,9781423142027,"The Mark of Athena (The Heroes of Olympus, #3)",Rick Riordan, Puffin,2012,The Serpent's Shadow (Kane Chronicles Series #3),Rick Riordan,Disney Press,2013,0
1169,9780141335742,9781423146735,"The Mark of Athena (The Heroes of Olympus, #3)",Rick Riordan, Puffin,2012,The Blood of Olympus (Heroes of Olympus Series #5),Rick Riordan,Disney Press,2014,0
1171,9780141335742,9781423160915,"The Mark of Athena (The Heroes of Olympus, #3)",Rick Riordan, Puffin,2012,The Sword of Summer (Magnus Chase and the Gods of Asgard Series #1),Rick Riordan,Disney Press,2015,0
1174,9780141339283,9780142422854,The Burning Shadow,Michelle Paver, Puffin,2014,The Burning Shadow,Michelle Paver,Penguin Young Readers Group,2015,1
1181,9780141346885,9781423101505,The Last Olympian,Rick Riordan, Penguin Group,2013,The Last Olympian (Percy Jackson and the Olympians Series #5),Rick Riordan,Disney-Hyperion,2011,1
1213,9780142001431,9780142001431,Year of Wonders: A Novel of the Plague,Geraldine Brooks, Penguin,2002,Year of Wonders: A Novel of the Plague,Geraldine Brooks,Penguin Publishing Group,2002,1
1223,9780142002001,9780142002001,Youth: Scenes from Provincial Life II,J.M. Coetzee, Penguin Books,2003,Youth: Scenes from Provincial Life II,J. M. Coetzee,Penguin Publishing Group,2003,1
1224,9780142002001,9780142422557,Youth: Scenes from Provincial Life II,J.M. Coetzee, Penguin Books,2003,"Scenes from Provincial Life: Boyhood, Youth, Summertime",J. M. Coetzee,Penguin Publishing Group,2012,0
1235,9780142004128,9780006550969,White Mughals: Love and Betrayal in Eighteenth-Century India,William Dalrymple, Penguin Books,2004,White Mughals: Love and Betrayal in Eighteenth-Century India,William Dalrymple,HarperCollins Publishers,2003,1
1285,9780143034759,9780143034759,Alexander Hamilton,Ron Chernow, Penguin Books,2005,Alexander Hamilton,Ron Chernow,Penguin Publishing Group,2005,1
1296,9780143036661,9780143036661,March,Geraldine Brooks, Penguin,2006,March,Geraldine Brooks,Penguin Publishing Group,2006,1
1339,9780152063115,9780547258553,The Dead and the Gone,Susan Beth Pfeffer, HMH Books for Young Readers,2008,The Dead and the Gone (Life As We Knew It #2),Susan Beth Pfeffer,Houghton Mifflin Harcourt,2010,1
1341,9780152064082,9780152064082,Dead Is the New Black,Marlene Perez, HMH Books for Young Readers,2008,Dead Is the New Black (Dead Is Series #1),Marlene Perez,Houghton Mifflin Harcourt,2008,1
1343,9780156031448,9780156031448,Animals in Translation: Using the Mysteries of Autism to Decode Animal Behavior,Temple Grandin, Harcourt,2006,Animals in Translation: Using the Mysteries of Autism to Decode Animal Behavior,Temple Grandin,Houghton Mifflin Harcourt,2006,1
1374,9780224094153,9780307947727,The Sense of an Ending,Julian Barnes, Jonathan Cape,2011,The Sense of an Ending,Julian Barnes,Knopf Doubleday Publishing Group,2012,1
1388,9780241143957,9780156035729,The Stone Gods,Jeanette Winterson, Hamish Hamilton,2008,The Stone Gods,Jeanette Winterson,Houghton Mifflin Harcourt,2009,1
1402,9780307263575,9780375714740,Cancer Vixen,Marisa Acocella Marchetto, Knopf,2006,Cancer Vixen,Marisa Acocella Marchetto,Knopf Doubleday Publishing Group,2009,0
1433,9780307268198,9780307388407,Open: An Autobiography,Andre Agassi, Knopf,2009,Open: An Autobiography,Andre Agassi,Knopf Doubleday Publishing Group,2010,1
1437,9780307269751,9788901116150,MÌ_n som hatar kvinnor,Stieg Larsson, Knopf,2008,Man Som Hatar Kvinnor (The Girl with the Dragon Tattoo),Stieg Larsson,Pul,2011,1
1438,9780307269751,9788901117331,MÌ_n som hatar kvinnor,Stieg Larsson, Knopf,2008,Flickan Som Lekte Med Elden (The Girl Who Played with Fire),Stieg Larsson,Pul,2011,0
1442,9780307269980,9788901117331,Flickan som lekte med elden,Stieg Larsson, Alfred A. Knopf,2009,Flickan Som Lekte Med Elden (The Girl Who Played with Fire),Stieg Larsson,Pul,2011,1
1446,9780307271037,9780307455796,The Buried Giant,Kazuo Ishiguro, Knopf,2015,The Buried Giant,Kazuo Ishiguro,Knopf Doubleday Publishing Group,2016,1
1462,9780307275554,9780767914765,The Devil Wears Prada,Lauren Weisberger, Anchor Books,2006,The Devil Wears Prada,Lauren Weisberger,Crown/Archetype,2004,1
1476,9780307277749,9780385489492,Marie Antoinette: The Journey,Antonia Fraser, Anchor Books,2006,Marie Antoinette: The Journey,Antonia Fraser,Knopf Doubleday Publishing Group,2002,1
1480,9780307278364,9780307278364,The Sunset Limited,Cormac McCarthy, Vintage,2006,The Sunset Limited: A Novel in Dramatic Form,Cormac McCarthy,Knopf Doubleday Publishing Group,2006,1
1490,9780307346605,9780307346612,World War Z: An Oral History of the Zombie War,Max Brooks, Crown,2006,World War Z: An Oral History of the Zombie War,Max Brooks,Crown/Archetype,2007,1
1491,9780307346605,9781400049622,World War Z: An Oral History of the Zombie War,Max Brooks, Crown,2006,The Zombie Survival Guide: Complete Protection from the Living Dead,Max Brooks,Crown/Archetype,2003,0
1534,9780307594778,9787020084753,"MÌ_n som hatar kvinnor, Flickan som lekte med elden, Luftslottet som sprÌ_ngdes",Stieg Larsson, Knopf Doubleday Publishing Group,2010,Luftslottet Som Sprangdes (The Girl Who Kicked the Hornet's Nest),Stieg Larsson,Ren Min Wen Xue Chu Ban She/Tsai Fong Books,2011,0
1547,9780307887436,9780307887443,Ready Player One,Ernest Cline, Crown Publishers,2011,Ready Player One,Ernest Cline,Crown/Archetype,2012,1
1568,9780307984739,9780307984746,I am forbidden,Anouk Markovits, Hogarth,2012,I Am Forbidden,Anouk Markovits,Crown/Archetype,2013,1
1569,9780310266303,9780310343707,The Irresistible Revolution: Living as an Ordinary Radical,Shane Claiborne, Zondervan,2006,"Irresistible Revolution, Updated and Expanded: Living as an Ordinary Radical",Shane Claiborne,Zondervan,2016,1
1574,9780312283780,9780312283780,Alice's Tulips,Sandra Dallas, St. Martin's Griffin,2001,Alice's Tulips,Sandra Dallas,St. Martin's Press,2001,1
1576,9780312289515,9780312289515,The Christmas Shoes,Donna VanLiere, St. Martin's Press,2001,Christmas Shoes,Donna VanLiere,St. Martin's Press,2001,1
1582,9780312321185,9780312321192,Something Borrowed,Emily Giffin, St. Martin's Press,2004,Something Borrowed,Emily Giffin,St. Martin's Press,2005,1
1612,9780312349493,9780312349509,Lean Mean Thirteen,Janet Evanovich, St. Martin's Press,2007,Lean Mean Thirteen (Stephanie Plum Series #13),Janet Evanovich,St. Martin's Press,2008,1
1658,9780312364120,9780312663155,Winter Garden,Kristin Hannah, St. Martin's Press,2010,Winter Garden,Kristin Hannah,St. Martin's Press,2011,1
1668,9780312377021,9781250031129,"A Rule Against Murder (Armand Gamache, #4)",Louise Penny, Minotaur,2009,The Beautiful Mystery (Chief Inspector Gamache Series #8),Louise Penny,St. Martin's Press,2013,0
1673,9780312377045,9780312626907,Bury Your Dead,Louise Penny, Minotaur Books,2010,Bury Your Dead (Chief Inspector Gamache Series #6),Louise Penny,St. Martin's Press,2011,1
1689,9780312383282,9780312383299,Finger Lickin' Fifteen,Janet Evanovich, St. Martin's Press,2009,Finger Lickin' Fifteen (Stephanie Plum Series #15),Janet Evanovich,St. Martin's Press,2010,1
1711,9780312423797,9780312422271,Dry: A Memoir,Augusten Burroughs, Picador,2004,Running with Scissors: A Memoir,Augusten Burroughs,Picador,2003,1
1718,9780312424671,9780312429522,Small Island,Andrea Levy, Picador,2005,Small Island,Andrea Levy,Picador,2010,1
1722,9780312426811,9780312426811,Possible Side Effects,Augusten Burroughs, Picador,2007,Possible Side Effects,Augusten Burroughs,Picador,2007,1
1741,9780312576981,9780312674434,The Murderer's Daughters,Randy Susan Meyers, St. Martin's Press,2010,The Murderer's Daughters,Randy Susan Meyers,St. Martin's Press,2011,1
1758,9780312642969,9781250007216,Scarlet,Marissa Meyer, Feiwel & Friends,2013,Scarlet (Lunar Chronicles Series #2),Marissa Meyer,Square Fish,2014,1
1766,9780312649623,9781250010193,The Girl Who Fell Beneath Fairyland and Led the Revels There,Catherynne M. Valente, Feiwel & Friends,2012,The Girl Who Circumnavigated Fairyland in a Ship of Her Own Making (Fairyland Series #1),Catherynne M. Valente,Square Fish,2012,0
1768,9780312650094,9781250034182,Outpost,Ann Aguirre, Feiwel & Friends,2012,Outpost (Enclave Series #2),Ann Aguirre,Square Fish,2013,1
1844,9780316011716,9780316011709,Firegirl,Tony Abbott," Little, Brown Books for Young Readers",2006,Firegirl,Tony Abbott,"Little, Brown Books for Young Readers",2007,1
1852,9780316013680,9780802138002,The Absolutely True Diary of a Part-Time Indian,Sherman Alexie," Little, Brown Books for Young Readers",2007,The Toughest Indian in the World,Sherman Alexie,"Grove/Atlantic, Inc.",2001,0
1871,9780316014502,9780316506106,You've Been Warned,James Patterson," Little, Brown and Company",2007,You've Been Warned--Again,James Patterson,"Little, Brown and Company",2017,0
1881,9780316015844,9780316015844,Twilight,Stephenie Meyer," Little, Brown and Company",2006,Twilight,Stephenie Meyer,"Little, Brown Books for Young Readers",2006,1
1891,9780316017923,9780316017930,Outliers: The Story of Success,Malcolm Gladwell," Little, Brown and Company",2008,Outliers: The Story of Success,Malcolm  Gladwell,"Little, Brown and Company",2011,1
1925,9780316018784,9780446601245,"I, Alex Cross",James Patterson," Little, Brown and Company",2009,Kiss the Girls (Alex Cross Series #2),James Patterson,Grand Central Publishing,1995,0
1947,9780316033664,9780316033671,Beyond the Shadows,Brent Weeks, Orbit,2008,The Way of Shadows (Night Angel Trilogy #1),Brent Weeks,Orbit,2008,0
1956,9780316034043,9780446539777,The Murder of King Tut,James Patterson," Little, Brown and Company",2009,The Murder of King Tut,James Patterson,Grand Central Publishing,2010,1
1958,9780316034043,9780446610032,The Murder of King Tut,James Patterson," Little, Brown and Company",2009,1st to Die (Women's Murder Club Series #1),James Patterson,Grand Central Publishing,2002,0
1964,9780316036191,9780316038317,Fang,James Patterson, jimmy patterson,2010,FANG (Maximum Ride Series #6),James Patterson,"Little, Brown and Company",2011,1
1981,9780316041447,9780316041454,Hate List,Jennifer Brown," Little, Brown Books for Young Readers",2009,Hate List,Jennifer Brown,"Little, Brown Books for Young Readers",2010,1
1982,9780316042673,9780316077033,Beautiful Creatures,Kami Garcia," Little, Brown and Company",2009,Beautiful Creatures (Beautiful Creatures Series #1),Kami Garcia,"Little, Brown Books for Young Readers",2010,1
1983,9780316042673,9780316123518,Beautiful Creatures,Kami Garcia," Little, Brown and Company",2009,Beautiful Chaos (Beautiful Creatures Series #3),Kami Garcia,"Little, Brown Books for Young Readers",2012,0
1988,9780316056632,9780316402415,Soulless,Gail Carriger, Orbit,2009,Soulless (Parasol Protectorate Series #1),Gail Carriger,Orbit,2014,1
1990,9780316057776,9780316003957,The Mysterious Benedict Society,Trenton Lee Stewart," Little, Brown and Company",2007,The Mysterious Benedict Society (Mysterious Benedict Society Series #1),Trenton Lee Stewart,"Little, Brown Books for Young Readers",2008,1
2004,9780316068048,9780316218511,The Host,Stephenie Meyer, Little Brown and Company,2008,The Host,Stephenie Meyer,"Little, Brown and Company",2013,1
2020,9780316070621,9780446613262,Alex Cross's Trial,James Patterson," Little, Brown and Company",2009,Four Blind Mice (Alex Cross Series #8),James Patterson,Grand Central Publishing,2003,0
2038,9780316077057,9780316123518,Beautiful Darkness,Kami Garcia," Little, Brown and Company",2010,Beautiful Chaos (Beautiful Creatures Series #3),Kami Garcia,"Little, Brown Books for Young Readers",2012,0
2040,9780316078573,9780316076203,What the Dog Saw and Other Adventures,Malcolm Gladwell," Little, Brown and Company",2009,What the Dog Saw: And Other Adventures,Malcolm  Gladwell,"Little, Brown and Company",2010,1
2096,9780316123532,9780316123518,Beautiful Redemption,Kami Garcia," Little, Brown Books for Young Readers",2012,Beautiful Chaos (Beautiful Creatures Series #3),Kami Garcia,"Little, Brown Books for Young Readers",2012,0
2097,9780316123532,9780316123563,Beautiful Redemption,Kami Garcia," Little, Brown Books for Young Readers",2012,Beautiful Redemption (Beautiful Creatures Series #4),Kami Garcia,"Little, Brown Books for Young Readers",2013,1
2104,9780316126113,9780316126106,The Diviners,Libba Bray," Little, Brown Books for Young Readers",2012,The Diviners (Diviners Series #1),Libba Bray,"Little, Brown Books for Young Readers",2013,1
2112,9780316154512,9780316154512,A Wedding in December,Anita Shreve, Back Bay Books,2006,A Wedding in December,Anita Shreve,"Little, Brown and Company",2006,1
2171,9780316166683,9780316168816,The Lovely Bones,Alice Sebold," Little, Brown and Company",2006,The Lovely Bones,Alice Sebold,"Little, Brown and Company",2004,1
2176,9780316176484,9780316176491,Life After Life,Kate Atkinson, Reagan Arthur Books,2013,Life After Life,Kate Atkinson,"Little, Brown and Company",2014,1
2189,9780316206846,9780316206853,The Cuckoo's Calling,Robert Galbraith," Mulholland Books / Little, Brown and Company",2013,The Cuckoo's Calling (Cormoran Strike Series #1),Robert Galbraith,"Little, Brown and Company",2014,1
2203,9780316230810,9780594794806,We Need New Names,NoViolet Bulawayo, Reagan Arthur Books,2013,We Need New Names,NoViolet Bulawayo,"Little, Brown and Company",2014,1
2243,9780330490269,9780743228480,Dirt Music,Tim Winton, Picador,2008,Dirt Music,Tim Winton,Scribner,2003,1
2256,9780340936719,9781416569558,The Lovers,John Connolly, Hodder & Stoughton,2010,The Lovers (Charlie Parker Series #8),John Connolly,Pocket Star,2011,1
2307,9780345455291,9780345371980,The Salmon of Doubt: Hitchhiking the Galaxy One Last Time,Douglas Adams, Del Rey,2005,Last Chance to See,Douglas Adams,Random House Publishing Group,1992,0
2366,9780345476999,9780345495303,The Mephisto Club,Tess Gerritsen, Ballantine Books,2006,The Mephisto Club (Rizzoli and Isles Series #6),Tess Gerritsen,Random House Publishing Group,2006,1
2374,9780345479723,9780345479723,Until I Find You,John Irving, Ballantine Books,2006,Until I Find You,John Irving,Random House Publishing Group,2006,1
2399,9780345506399,9780451461032,Jim Butcher's the Dresden Files: Storm Front,Jim Butcher, Del Rey/Dabel Brothers,2009,Proven Guilty (Dresden Files Series #8),Jim Butcher,Penguin Publishing Group,2007,0
2490,9780373210084,9780373210084,"The Iron King (The Iron Fey, #1)",Julie Kagawa, Harlequin Teen,2010,The Iron King (Iron Fey Series #1),Julie Kagawa,Harlequin,2010,1
2494,9780373210138,9780373210138,The Iron Daughter,Julie Kagawa, Harlequin Teen,2010,The Iron Daughter (Iron Fey Series #2),Julie Kagawa,Harlequin,2010,1
2500,9780373210367,9780373210138,The Iron Knight,Julie Kagawa, Harlequin TEEN,2011,The Iron Daughter (Iron Fey Series #2),Julie Kagawa,Harlequin,2010,0
2626,9780374166854,9780312425074,"Hot, Flat, and Crowded: Why We Need a Green Revolution--and How It Can Renew America",Thomas L. Friedman," Farrar, Straus and Giroux",2008,The World Is Flat: A Brief History of the Twenty-First Century (Further Updated and Expanded),Thomas L. Friedman,Picador,2007,0
2635,9780374271565,9781250007575,The Submission,Amy Waldman," Farrar, Straus and Giroux",2011,The Submission,Amy Waldman,Picador,2012,1
2637,9780374279127,9780312427740,Tree of Smoke,Denis Johnson," Farrar, Straus and Giroux",2007,Tree of Smoke,Denis Johnson,Picador,2008,1
2643,9780374281144,9781250007650,Train Dreams,Denis Johnson," Farrar, Straus and Giroux",2011,Train Dreams,Denis Johnson,Picador,2012,1
2653,9780374533571,9780374533571,The Silver Linings Playbook,Matthew Quick," Farrar, Straus and Giroux",2012,The Silver Linings Playbook (movie tie-in edition),Matthew Quick,"Farrar, Straus and Giroux",2012,1
2664,9780375509322,9780812967586,Thirteen Moons,Charles Frazier, Random House,2006,Thirteen Moons,Charles Frazier,Random House Publishing Group,2007,1
2685,9780375714573,9780375714665,Persepolis,Marjane Satrapi, Pantheon,2004,Persepolis 2: The Story of a Return,Marjane Satrapi,Knopf Doubleday Publishing Group,2005,1
2687,9780375714665,9780375714665,Persepolis 2,Marjane Satrapi, Pantheon,2005,Persepolis 2: The Story of a Return,Marjane Satrapi,Knopf Doubleday Publishing Group,2005,1
2705,9780375727276,9780375727276,Lunar Park,Bret Easton Ellis, Vintage,2006,Lunar Park,Bret Easton Ellis,Knopf Doubleday Publishing Group,2006,1
2764,9780375835315,9780375835339,Nick & Norah's Infinite Playlist,Rachel Cohn, Knopf Books for Young Readers,2006,Nick and Norah's Infinite Playlist,Rachel Cohn,Random House Children's Books,2007,1
2771,9780375913754,9780375856440,"Love, Stargirl",Jerry Spinelli, Knopf Books for Young Readers,2007,"Love, Stargirl",Jerry Spinelli,Random House Children's Books,2009,1
2824,9780385336703,9780440334101,Dreaming the Eagle,Manda Scott, Dell,2003,Boudica: Dreaming the Eagle,Manda Scott,Random House Publishing Group,2003,0
2860,9780385339520,9780385342803,"Lords of the Bow (Conqueror, #2)",Conn Iggulden, Delacorte Press,2008,Genghis: Bones of the Hills (Khan Dynasty Series #3),Conn Iggulden,Random House Publishing Group,2010,0
2867,9780385339544,9780385343022,Empire of Silver,Conn Iggulden, Delacorte Press,2010,Emperor: The Death of Kings (Emperor Series #2),Conn Iggulden,Random House Publishing Group,2009,0
2948,9780385341677,9780440244417,Shadowfever,Karen Marie Moning, Delacorte Press,2011,Shadowfever (Fever Series #5),Karen Marie Moning,Random House Publishing Group,2011,1
2968,9780385344227,9780345533661,Defending Jacob,William Landay, Delacorte Press,2012,Defending Jacob,William Landay,Random House Publishing Group,2013,1
2979,9780385352857,9780804171472,The Narrow Road to the Deep North,Richard Flanagan, Knopf,2014,The Narrow Road to the Deep North,Richard Flanagan,Knopf Doubleday Publishing Group,2015,1
3027,9780385520690,9780307278821,"Physics of the Impossible: A Scientific Exploration of the World of Phasers, Force Fields, Teleportation, and Time Travel",Michio Kaku, Doubleday,2008,"Physics of the Impossible: A Scientific Exploration into the World of Phasers, Force Fields, Teleportation, and Time Travel",Michio Kaku,Knopf Doubleday Publishing Group,2009,1
3090,9780385536189,9780307951274,Goodbye for Now,Laurie Frankel, Doubleday,2012,Goodbye for Now,Laurie Frankel,Knopf Doubleday Publishing Group,2013,1
3123,9780385608022,9780316066747,"Started Early, Took My Dog",Kate Atkinson, Doubleday & Co Inc.,2010,"Started Early, Took My Dog (Jackson Brodie Series #4)",Kate Atkinson,"Little, Brown and Company",2011,1
3142,9780385613460,9780385751834,Before I Die,Jenny Downham, David Fickling Books,2007,Before I Die,Jenny Downham,Random House Children's Books,2009,1
3147,9780385618717,9780316176507,A God in Ruins,Kate Atkinson, Doubleday,2015,A God in Ruins,Kate Atkinson,"Little, Brown and Company",2016,1
3183,9780385721790,9780385721790,Atonement,Ian McEwan, Anchor Books,2003,Atonement,Ian McEwan,Knopf Doubleday Publishing Group,2003,1
3208,9780385735339,9780385737289,The Warlock - The Secrets of The Immortal Nicholas Flamel,Michael Scott, Delacorte Press,2011,The Magician (The Secrets of the Immortal Nicholas Flamel #2),Michael Scott,Random House Children's Books,2009,0
3210,9780385737425,9780375850868,When You Reach Me,Rebecca Stead, Wendy Lamb Books,2009,When You Reach Me,Rebecca Stead,Random House Children's Books,2010,1
3224,9780385905169,9780385736008,The Necromancer: The Secrets of The Immortal Nicholas Flamel,Michael Scott, Delacorte Books for Young Readers,2010,The Alchemyst (The Secrets of the Immortal Nicholas Flamel #1),Michael Scott,Random House Children's Books,2008,0
3225,9780385905169,9780385737289,The Necromancer: The Secrets of The Immortal Nicholas Flamel,Michael Scott, Delacorte Books for Young Readers,2010,The Magician (The Secrets of the Immortal Nicholas Flamel #2),Michael Scott,Random House Children's Books,2009,0
3226,9780385907507,9780375858291,Moon Over Manifest,Clare Vanderpool, Delacorte Books for Young Readers,2010,Moon Over Manifest,Clare Vanderpool,Random House Children's Books,2011,1
3240,9780394528366,9780394720951,Master of the Senate,Robert A. Caro, Knopf,2002,"Master of the Senate: The Years of Lyndon Johnson, Volume 3",Robert A. Caro,Knopf Doubleday Publishing Group,2003,1
3254,9780399154218,9780425195444,Invisible Prey,John Sandford, Putnam Adult,2007,Naked Prey (Lucas Davenport Series #14),John Sandford,Penguin Publishing Group,2004,0
3308,9780399159374,9780515151336,The Witness,Nora Roberts, G.P. Putnam's Sons,2012,The Witness,Nora Roberts,Penguin Publishing Group,2014,1
3328,9780399161728,9780142425039,Slated,Teri Terry, The Penguin Group,2013,Slated (Slated Series #1),Teri Terry,Penguin Young Readers Group,2013,1
3331,9780399163609,9780142406632,"The Royal Ranger (Ranger's Apprentice, #12)",John Flanagan, Philomel Books,2013,The Ruins of Gorlan (Ranger's Apprentice Series #1),John Flanagan,Penguin Young Readers Group,2006,0
3332,9780399163609,9780142408421,"The Royal Ranger (Ranger's Apprentice, #12)",John Flanagan, Philomel Books,2013,The Burning Bridge (Ranger's Apprentice Series #2),John Flanagan,Penguin Young Readers Group,2007,0
3334,9780399167065,9780425274866,Big Little Lies,Liane Moriarty, Berkley,2014,Big Little Lies,Liane Moriarty,Penguin Publishing Group,2015,1
3337,9780399244551,9780142408421,The Burning Bridge,John Flanagan, Philomel Books,2006,The Burning Bridge (Ranger's Apprentice Series #2),John Flanagan,Penguin Young Readers Group,2007,1
3338,9780399244575,9780142406632,"The Battle for Skandia (Ranger's Apprentice, #4)",John Flanagan, Philomel Books,2008,The Ruins of Gorlan (Ranger's Apprentice Series #1),John Flanagan,Penguin Young Readers Group,2006,0
3363,9780425198681,9780425198681,Pattern Recognition,William Gibson, Berkley Publishing,"February, 2005",Pattern Recognition,William Gibson,Penguin Publishing Group,2005,1
3373,9780425204306,9780425227985,Broken Prey,John Sandford, Berkley,2006,Phantom Prey (Lucas Davenport Series #18),John Sandford,Penguin Publishing Group,2009,0
3377,9780425210819,9780425197486,Undead and Unreturnable,MaryJanice Davidson, Berkley,2006,Undead and Unemployed (Betsy Taylor Series #2),MaryJanice Davidson,Penguin Publishing Group,2004,0
3389,9780425212868,9780425212868,Slave to Sensation,Nalini Singh, Berkley Sensation,2006,Slave to Sensation (Psy-Changeling Series #1),Nalini Singh,Penguin Publishing Group,2006,1
3391,9780425213766,9780425197486,Undead and Uneasy,MaryJanice Davidson, Berkley Hardcover,2007,Undead and Unemployed (Betsy Taylor Series #2),MaryJanice Davidson,Penguin Publishing Group,2004,0
3442,9780425232477,9780425238974,Mistress of Rome,Kate Quinn, Berkley,2010,Daughters of Rome (Empress of Rome Series #2),Kate Quinn,Penguin Publishing Group,2011,0
3469,9780425266878,9780425266878,Shadow Catcher,James R. Hannibal, Berkley,2013,Shadow Catcher: A Novel,James R. Hannibal,Penguin Publishing Group,2013,1
3476,9780434020805,9780452298019,The Magician King,Lev Grossman, William Heinemann,2011,The Magician King (Magicians Series #2),Lev Grossman,Penguin Publishing Group,2012,1
3481,9780439023481,9780545586177,The Hunger Games,Suzanne Collins, Scholastic Press,2008,Catching Fire (Hunger Games Series #2),Suzanne Collins,"Scholastic, Inc.",2013,1
3482,9780439023481,9780545663267,The Hunger Games,Suzanne Collins, Scholastic Press,2008,Mockingjay (Hunger Games Series #3),Suzanne Collins,"Scholastic, Inc.",2014,1
3490,9780439221719,9781934876695,"The Secret of the Unicorn (Avalon Web of Magic, 4)",Rachel Roberts, Scholastic Paperbacks,2002,Heart of Avalon (Avalon Web of Magic Series #10),Rachel Roberts,Seven Seas Entertainment LLC,2009,0
3493,9780439221733,9781934876695,Avalon: Web of Magic #6: Trial by Fire,Rachel Roberts, Scholastic Paperbacks,2002,Heart of Avalon (Avalon Web of Magic Series #10),Rachel Roberts,Seven Seas Entertainment LLC,2009,0
3496,9780439372947,9780439372978,Chasing Vermeer,Blue Balliett, Scholastic Press,2004,Chasing Vermeer,Blue Balliett,"Scholastic, Inc.",2005,1
3504,9780439693684,9780439693684,The Wright 3,Blue Balliett, Scholastic Paperbacks,2007,Wright 3,Blue Balliett,"Scholastic, Inc.",2007,1
3507,9780439709101,9785389086579,Tintenherz,Cornelia Funke, Scholastic Inc,2005,TINTENHERZ,Cornelia Funke,Machaon,2014,1
3516,9780439943468,9781338201154,A Darkling Plain,Philip Reeve, Scholastic,2007,"A Darkling Plain (Mortal Engines, Book 4)",Philip Reeve,"Scholastic, Inc.",2017,1
3529,9780440236702,9780440245902,Tell No One,Harlan Coben, Dell Publishing Company,2009,Tell No One,Harlan Coben,Random House Publishing Group,2009,1
3530,9780440236702,9780451213204,Tell No One,Harlan Coben, Dell Publishing Company,2009,Just One Look,Harlan Coben,Penguin Publishing Group,2005,0
3532,9780440236733,9780345533050,Gone for Good,Harlan Coben, Dell Publishing Company,2003,Gone for Good,Harlan Coben,Random House Publishing Group,2011,1
3538,9780440237556,9780440237563,The Dark Highlander,Karen Marie Moning, Dell,2002,The Immortal Highlander (Highlander Series #6),Karen Marie Moning,Random House Publishing Group,2005,0
3539,9780440237556,9780440240976,The Dark Highlander,Karen Marie Moning, Dell,2002,Spell of the Highlander (Highlander Series #7),Karen Marie Moning,Random House Publishing Group,2006,0
3557,9780440240952,9780385343022,"The Death of Kings (Emperor, #2)",Conn Iggulden, Dell Books,"February, 2005",Emperor: The Death of Kings (Emperor Series #2),Conn Iggulden,Random House Publishing Group,2009,1
3559,9780440240952,9780425275443,"The Death of Kings (Emperor, #2)",Conn Iggulden, Dell Books,"February, 2005",Wars of the Roses: Stormbird,Conn Iggulden,Penguin Publishing Group,2015,0
3574,9780440241003,9780440245988,The Persuader,Lee Child, Dell,2008,Persuader (Jack Reacher Series #7),Lee Child,Random House Publishing Group,2009,1
3599,9780440241607,9780385344210,The Gods of War,Conn Iggulden, Bantam Books,"April, 2007",Genghis: Birth of an Empire (Khan Dynasty Series #1),Conn Iggulden,Random House Publishing Group,2010,0
3601,9780440241898,9780385336178,Shopaholic Ties the Knot,Sophie Kinsella, Dell Publishing Company,2004,Shopaholic Ties the Knot (Shopaholic Series #3),Sophie Kinsella,Random House Publishing Group,2003,1
3623,9780440244509,9780553589375,"Ashes of Midnight (Midnight Breed, #6)",Lara Adrian, Dell,2009,Kiss of Midnight (Midnight Breed Series #1),Lara Adrian,Random House Publishing Group,2007,0
3625,9780440245261,9780440245278,Shades of Midnight,Lara Adrian, Dell,2009,Taken by Midnight (Midnight Breed Series #8),Lara Adrian,Random House Publishing Group,2010,0
3648,9780441008537,9780441013333,Dead Until Dark,Charlaine Harris, Ace Books,2001,Dead as a Doornail (Sookie Stackhouse/Southern Vampire Series #5),Charlaine Harris,Penguin Publishing Group,2006,0
3649,9780441008537,9780441014910,Dead Until Dark,Charlaine Harris, Ace Books,2001,Definitely Dead (Sookie Stackhouse / Southern Vampire Series #6),Charlaine Harris,Penguin Publishing Group,2007,0
3651,9780441008537,9780441020157,Dead Until Dark,Charlaine Harris, Ace Books,2001,Dead in the Family (Sookie Stackhouse / Southern Vampire Series #10),Charlaine Harris,Penguin Publishing Group,2011,0
3671,9780441012183,9780425283844,Dead to the World,Charlaine Harris, Ace Books,2005,A Touch of Dead: Sookie Stackhouse Stories,Charlaine Harris,Penguin Publishing Group,2015,0
3677,9780441012183,9780441018512,Dead to the World,Charlaine Harris, Ace Books,2005,Dead and Gone (Sookie Stackhouse / Southern Vampire Series #9),Charlaine Harris,Penguin Publishing Group,2010,0
3691,9780441012916,9780441012916,Absolution Gap,Alastair Reynolds, Ace Books,2005,Absolution Gap (Revelation Space Series #4),Alastair Reynolds,Penguin Publishing Group,2005,1
3699,9780441013333,9780441018512,Dead as a Doornail,Charlaine Harris, Ace Books,2006,Dead and Gone (Sookie Stackhouse / Southern Vampire Series #9),Charlaine Harris,Penguin Publishing Group,2010,0
3746,9780441014897,9780441017027,Magic Bites,Ilona Andrews, Ace,2007,Magic Strikes (Kate Daniels Series #3),Ilona Andrews,Penguin Publishing Group,2009,0
3750,9780441014910,9780441008537,"Definitely Dead (Sookie Stackhouse, #6)",Charlaine Harris, Ace Books,2007,Dead until Dark (Sookie Stackhouse / Southern Vampire Series #1) (True Blood),Charlaine Harris,Penguin Publishing Group,2001,0
3762,9780441014941,9780441013333,All Together Dead,Charlaine Harris, Ace,2007,Dead as a Doornail (Sookie Stackhouse/Southern Vampire Series #5),Charlaine Harris,Penguin Publishing Group,2006,0
3763,9780441014941,9780441014910,All Together Dead,Charlaine Harris, Ace,2007,Definitely Dead (Sookie Stackhouse / Southern Vampire Series #6),Charlaine Harris,Penguin Publishing Group,2007,0
3765,9780441014941,9780441020157,All Together Dead,Charlaine Harris, Ace,2007,Dead in the Family (Sookie Stackhouse / Southern Vampire Series #10),Charlaine Harris,Penguin Publishing Group,2011,0
3768,9780441014996,9780441016167,The Accidental Time Machine,Joe Haldeman, Ace,2007,The Accidental Time Machine,Joe Haldeman,Penguin Publishing Group,2008,1
3781,9780441015665,9780441015665,Iron Kissed,Patricia Briggs, Ace,2008,Iron Kissed (Mercy Thompson Series #3),Patricia Briggs,Penguin Publishing Group,2008,1
3788,9780441015832,9780441015832,Magic Burns,Ilona Andrews, Penguin,"April, 2008",Magic Burns (Kate Daniels Series #2),Ilona Andrews,Penguin Publishing Group,2008,1
3797,9780441015894,9780441014910,From Dead to Worse,Charlaine Harris, Ace,2008,Definitely Dead (Sookie Stackhouse / Southern Vampire Series #6),Charlaine Harris,Penguin Publishing Group,2007,0
3799,9780441015894,9780441020157,From Dead to Worse,Charlaine Harris, Ace,2008,Dead in the Family (Sookie Stackhouse / Southern Vampire Series #10),Charlaine Harris,Penguin Publishing Group,2011,0
3838,9780441017157,9780441010516,Dead and Gone,Charlaine Harris, Ace,2009,Club Dead (Sookie Stackhouse / Southern Vampire Series #3),Charlaine Harris,Penguin Publishing Group,2003,0
3868,9780441017836,9780425283844,A Touch of Dead,Charlaine Harris, Ace,2009,A Touch of Dead: Sookie Stackhouse Stories,Charlaine Harris,Penguin Publishing Group,2015,1
3884,9780441018192,9780441019960,Silver Borne,Patricia Briggs, Ace Books,2010,Silver Borne (Mercy Thompson Series #5),Patricia Briggs,Penguin Publishing Group,2011,1
3894,9780441018642,9780441010516,Dead in the Family,Charlaine Harris, Ace Books,2010,Club Dead (Sookie Stackhouse / Southern Vampire Series #3),Charlaine Harris,Penguin Publishing Group,2003,0
3895,9780441018642,9780441013333,Dead in the Family,Charlaine Harris, Ace Books,2010,Dead as a Doornail (Sookie Stackhouse/Southern Vampire Series #5),Charlaine Harris,Penguin Publishing Group,2006,0
3902,9780441019618,9780441019618,Geist,Philippa Ballantine, Ace,2010,Geist,Philippa Ballantine,Penguin Publishing Group,2010,1
3904,9780441020423,9780441015832,Magic Slays,Ilona Andrews, Ace Penguin Berkley,"June, 2011",Magic Burns (Kate Daniels Series #2),Ilona Andrews,Penguin Publishing Group,2008,0
3905,9780441020423,9780441017027,Magic Slays,Ilona Andrews, Ace Penguin Berkley,"June, 2011",Magic Strikes (Kate Daniels Series #3),Ilona Andrews,Penguin Publishing Group,2009,0
3958,9780446547598,9781455523559,Safe Haven,Nicholas Sparks, Grand Central Publishing,2010,Safe Haven,Nicholas Sparks,Grand Central Publishing,2012,1
4032,9780446611916,9780446611916,Up Country,Nelson DeMille, Vision,2003,Up Country (Paul Brenner Series #2),Nelson DeMille,Grand Central Publishing,2003,1
4064,9780446615129,9781101973035,Skinny Dip,Carl Hiaasen, Grand Central Publishing,2006,Skinny Dip,Carl Hiaasen,Knopf Doubleday Publishing Group,2016,1
4085,9780446616492,9781455576371,Hour Game,David Baldacci, Vision,2005,Hour Game (Sean King and Michelle Maxwell Series #2),David Baldacci,Grand Central Publishing,2013,1
4132,9780446696586,9781455529865,The Lake House,James Patterson, Grand Central Publishing,2005,The Beach House,James Patterson,Grand Central Publishing,2014,0
4148,9780446699488,9780446699488,Wish You Well,David Baldacci, Grand Central Publishing,2007,Wish You Well,David Baldacci,Grand Central Publishing,2007,1
4222,9780451218049,9780451218049,"Lover Eternal (Black Dagger Brotherhood, #2)",J.R. Ward, Signet,2006,Lover Eternal (Black Dagger Brotherhood Series #2),J. R. Ward,Penguin Publishing Group,2006,1
4225,9780451218957,9780451218957,Sun Kissed,Catherine Anderson, Signet,2007,Sun Kissed (Kendrick-Coulter-Harringan Series #7),Catherine Anderson,Penguin Publishing Group,2007,1
4265,9780451226143,9781440661570,Scattered Graves,Beverly Connor, Signet,2009,Scattered Graves (Diane Fallon Series #6),Beverly Connor,Penguin Publishing Group,2009,1
4320,9780451418333,9780451418333,Walking On Air,Catherine Anderson, Signet,2014,Walking On Air: A Valance Family Novel,Catherine Anderson,Penguin Publishing Group,2014,1
4352,9780451459879,9780451459879,Blood Rites,Jim Butcher, Roc,2004,Blood Rites (Dresden Files Series #6),Jim Butcher,Penguin Publishing Group,2004,1
4372,9780451460936,9780451460936,Touch the Dark,Karen Chance, Roc,2006,Touch the Dark (Cassie Palmer Series #1),Karen Chance,Penguin Publishing Group,2006,1
4396,9780451461520,9780451461520,Claimed By Shadow,Karen Chance, Roc,2007,Claimed by Shadow (Cassie Palmer Series #2),Karen Chance,Penguin Publishing Group,2007,1
4468,9780451471475,9780142420898,I Was Here,Gayle Forman, Viking Juvenile,2015,Where She Went (If I Stay Series #2),Gayle Forman,Penguin Young Readers Group,2012,0
4507,9780452297036,9780452297036,The Violets of March,Sarah Jio, Plume,2011,The Violets of March: A Novel,Sarah Jio,Penguin Publishing Group,2011,1
4527,9780505525536,9780062019745,Love Bites,Lynsay Sands, Love Spell,2004,Love Bites (Argeneau Vampire Series #2),Lynsay Sands,HarperCollins Publishers,2010,1
4544,9780515133875,9780425197547,"Narcissus in Chains (Anita Blake, Vampire Hunter, #10)",Laurell K. Hamilton, Jove,2002,Guilty Pleasures (Anita Blake Vampire Hunter Series #1),Laurell K. Hamilton,Penguin Publishing Group,2004,0
4545,9780515133875,9780515148978,"Narcissus in Chains (Anita Blake, Vampire Hunter, #10)",Laurell K. Hamilton, Jove,2002,Flirt (Anita Blake Vampire Hunter Series #18),Laurell K. Hamilton,Penguin Publishing Group,2011,0
4551,9780515139754,9780515148978,"Incubus Dreams (Anita Blake, Vampire Hunter, #12)",Laurell K. Hamilton, Jove,2005,Flirt (Anita Blake Vampire Hunter Series #18),Laurell K. Hamilton,Penguin Publishing Group,2011,0
4595,9780525950516,9780451229069,In the Courts of the Sun,Brian D'Amato, Dutton Adult,2009,In the Courts of the Sun,Brian D'Amato,Penguin Publishing Group,2009,1
4602,9780525951278,9780452296367,This Is Where I Leave You,Jonathan Tropper, Orion,2009,This Is Where I Leave You,Jonathan Tropper,Penguin Publishing Group,2010,1
4603,9780525951551,9780452297135,The Stormchasers,Jenna Blum, Dutton Adult,2010,The Stormchasers,Jenna Blum,Penguin Publishing Group,2011,1
4630,9780525952923,9780451222138,Winter of the World,Ken Follett, Berkley,2012,The Pillars of the Earth,Ken Follett,Penguin Publishing Group,2007,0
4659,9780545060394,9781423146735,The Maze of Bones,Rick Riordan, Scholastic Inc.,2008,The Blood of Olympus (Heroes of Olympus Series #5),Rick Riordan,Disney Press,2014,0
4672,9780545135702,9780545060431,The Sword Thief,Peter Lerangis, Scholastic Inc,2009,The Sword Thief (The 39 Clues Series #3),Peter Lerangis,"Scholastic, Inc.",2009,1
4683,9780545265355,9780545663267,The Hunger Games Box Set,Suzanne Collins, Scholastic Press,2010,Mockingjay (Hunger Games Series #3),Suzanne Collins,"Scholastic, Inc.",2014,0
4775,9780552552646,9780062435279,A Hat Full of Sky,Terry Pratchett, Corgi Childrens,2005,A Hat Full of Sky: The Second Tiffany Aching Adventure (Discworld Series #32),Terry Pratchett,HarperCollins Publishers,2015,1
4789,9780553384031,9780553384031,In the Night Garden,Catherynne M. Valente, Bantam Dell,2006,"The Orphan's Tales, Volume I: In the Night Garden",Catherynne M. Valente,Random House Publishing Group,2006,1
4792,9780553384048,9781250010193,In the Cities of Coin and Spice,Catherynne M. Valente, Spectra,2007,The Girl Who Circumnavigated Fairyland in a Ship of Her Own Making (Fairyland Series #1),Catherynne M. Valente,Square Fish,2012,0
4835,9780553583168,9780553583168,Watchers Of Time,Charles Todd, Bantam,2002,Watchers of Time (Inspector Ian Rutledge Series #5),Charles Todd,Random House Publishing Group,2002,1
4837,9780553586701,9780553586701,Lord of the Shadows,Jennifer Fallon, Spectra Books,2004,Lord of the Shadows (Second Sons Trilogy #3),Jennifer Fallon,Random House Publishing Group,2004,1
4877,9780553588255,9780345533463,Velocity,Dean Koontz, Bantam,2006,Velocity,Dean Koontz,Random House Publishing Group,2012,1
4896,9780553589375,9780440245278,Kiss of Midnight,Lara Adrian, Dell,2007,Taken by Midnight (Midnight Breed Series #8),Lara Adrian,Random House Publishing Group,2010,0
4906,9780553590159,9780345536839,Dime Store Magic,Kelley Armstrong, Spectra Books,2007,Dime Store Magic (Women of the Otherworld Series #3),Kelley Armstrong,Random House Publishing Group,2012,1
4951,9780553804805,9780345533425,Brother Odd,Dean Koontz, Bantam,2006,Odd Thomas (Odd Thomas Series #1),Dean Koontz,Random House Publishing Group,2012,0
4968,9780553805376,9780553384666,The Grand Design,Stephen Hawking, Bantam,2010,The Grand Design,Stephen Hawking,Random House Publishing Group,2012,1
5006,9780553807097,9780553588200,Men of the Otherworld,Kelley Armstrong, Bantam,2009,Personal Demon (Women of the Otherworld Series #8),Kelley Armstrong,Random House Publishing Group,2008,0
5007,9780553807097,9780553588378,Men of the Otherworld,Kelley Armstrong, Bantam,2009,No Humans Involved (Women of the Otherworld Series #7),Kelley Armstrong,Random House Publishing Group,2008,0
5033,9780553807257,9780553591927,Love You More,Lisa Gardner, Bantam,2011,Love You More (Detective D. D. Warren Series #5),Lisa Gardner,Random House Publishing Group,2012,1
5039,9780553807882,9780345536839,Tales of the Otherworld,Kelley Armstrong, Bantam,2010,Dime Store Magic (Women of the Otherworld Series #3),Kelley Armstrong,Random House Publishing Group,2012,0
5042,9780553807882,9780452296664,Tales of the Otherworld,Kelley Armstrong, Bantam,2010,Stolen (Women of the Otherworld Series #2),Kelley Armstrong,Penguin Publishing Group,2010,0
5048,9780553807882,9780553591644,Tales of the Otherworld,Kelley Armstrong, Bantam,2010,Men of the Otherworld (Women of the Otherworld Series),Kelley Armstrong,Random House Publishing Group,2010,0
5072,9780553819878,9781420124521,Thorn Queen,Richelle Mead, Bantam,2009,Thorn Queen (Dark Swan Series #2),Richelle Mead,Kensington,2011,1
5094,9780553826104,9780821780794,Iron Crowned (Dark Swan #3),Richelle Mead, Bantam,2011,Succubus Dreams (Georgina Kincaid Series #3),Richelle Mead,Kensington,2012,0
5096,9780553826104,9781420124521,Iron Crowned (Dark Swan #3),Richelle Mead, Bantam,2011,Thorn Queen (Dark Swan Series #2),Richelle Mead,Kensington,2011,0
5098,9780553826104,9781595141972,Iron Crowned (Dark Swan #3),Richelle Mead, Bantam,2011,Shadow Kiss (Vampire Academy Series #3),Richelle Mead,Penguin Young Readers Group,2008,0
5103,9780553826104,9781595146137,Iron Crowned (Dark Swan #3),Richelle Mead, Bantam,2011,The Indigo Spell (Richelle Mead's Bloodlines Series #3),Richelle Mead,Penguin Young Readers Group,2013,0
5127,9780575077881,9780316387354,Before They Are Hanged,Joe Abercrombie, Gollancz,2007,Before They are Hanged (First Law Series #2),Joe Abercrombie,Orbit,2015,1
5147,9780575092969,9780316387354,The First Law Trilogy,Joe Abercrombie, Orion Publishing Group,2012,Before They are Hanged (First Law Series #2),Joe Abercrombie,Orbit,2015,0
5148,9780575092969,9780316387408,The First Law Trilogy,Joe Abercrombie, Orion Publishing Group,2012,Last Argument of Kings (First Law Series #3),Joe Abercrombie,Orbit,2015,0
5152,9780575127623,9780575127647,Jack Glass,Adam Roberts, Gollancz,2012,Jack Glass,Adam Roberts,"Gollancz, Victor Limited",2013,0
5165,9780593057056,9780440243687,Gone Tomorrow,Lee Child, Transworld Publishers,"April, 2009",Gone Tomorrow (Jack Reacher Series #13),Lee Child,Random House Publishing Group,2010,1
5173,9780593061732,9781416594796,The Greatest Show on Earth: The Evidence for Evolution,Richard Dawkins, Bantam Press,2009,The Greatest Show on Earth: The Evidence for Evolution,Richard Dawkins,Free Press,2010,1
5175,9780593064955,9781439177730,I Am Pilgrim,Terry Hayes, Bantam,2013,I Am Pilgrim,Terry Hayes,Atria/Emily Bestler Books,2014,1
5193,9780609809648,9780609809648,Genghis Khan and the Making of the Modern World,Jack Weatherford, Broadway Books,2005,Genghis Khan and the Making of the Modern World,Jack Weatherford,Crown/Archetype,2005,1
5203,9780618531462,9780547053707,The Last Empress,Anchee Min, Houghton Mifflin Harcourt,2007,The Last Empress: A Novel,Anchee Min,Houghton Mifflin Harcourt,2008,1
5205,9780618562039,9780547053707,Empress Orchid,Anchee Min, Mariner Books,2005,The Last Empress: A Novel,Anchee Min,Houghton Mifflin Harcourt,2008,0
5256,9780670018864,9780143115625,The Likeness,Tana French, Viking Adult,2008,The Likeness (Dublin Murder Squad Series #2),Tana French,Penguin Publishing Group,2009,1
5259,9780670020553,9780147517388,The Magicians,Lev Grossman, Viking,2009,The Magicians Trilogy Box Set,Lev Grossman,Penguin Publishing Group,2015,1
5297,9780670061051,9780142410974,Just Listen,Sarah Dessen, Viking Books for Young Readers,2006,Just Listen,Sarah Dessen,Penguin Young Readers Group,2008,1
5345,9780679783480,9780679783480,Shalimar the Clown,Salman Rushdie, Random House Trade Paperbacks,2006,Shalimar the Clown,Salman Rushdie,Random House Publishing Group,2006,1
5374,9780689865190,9781442471818,"Crank (Crank, #1)",Ellen Hopkins, Margaret K. McElderry Books,2004,Crank (Crank Series #1),Ellen Hopkins,Margaret K. McElderry Books,2013,1
5382,9780689865398,9781442419803,Pretties,Scott Westerfeld, Simon & Schuster Simon Pulse,"November, 2005",Pretties (Uglies Series #2),Scott Westerfeld,Simon Pulse,2011,1
5388,9780689868207,9780689867040,Ironside: A Modern Faery's Tale,Holly Black, Margaret K. McElderry Books,2007,Tithe (Modern Tale of Faerie Series #1),Holly Black,Margaret K. McElderry Books,2004,0
5401,9780701185213,9780393348934,Merivel: A Man of His Time,Rose Tremain, Chatto & Windus,2012,Merivel: A Man of His Time,Rose Tremain,"Norton, W. W. & Company, Inc.",2014,1
5405,9780713998948,9780446691864,America (The Book): A Citizen's Guide to Democracy Inaction,Jon Stewart, Allen Lane,,The Daily Show with Jon Stewart Presents America (The Book) Teacher's Edition: A Citizen's Guide to Democracy Inaction,Jon Stewart,Warner Books (NY),2006,0
5413,9780718159832,9780425275443,Stormbird,Conn Iggulden, Michael Joseph,2013,Wars of the Roses: Stormbird,Conn Iggulden,Penguin Publishing Group,2015,1
5462,9780739446980,9781442427655,Protector of the Small,Tamora Pierce, SFBC,"November, 2004",The Woman Who Rides Like a Man (Song of the Lioness Series #3),Tamora Pierce,Atheneum Books for Young Readers,2011,0
5464,9780739446980,9781481440301,Protector of the Small,Tamora Pierce, SFBC,"November, 2004",The Immortals Quartet: Wild Magic; Wolf-Speaker; Emperor Mage; The Realms of the Gods,Tamora Pierce,Atheneum Books for Young Readers,2015,0
5465,9780739451458,9780375828782,Tricksters (Daughter of the Lioness Omnibus),Tamora Pierce, SFBC,"March, 2005",Trickster's Queen (Trickster's Duet Series #2),Tamora Pierce,Random House Children's Books,2005,0
5466,9780739451458,9780375829055,Tricksters (Daughter of the Lioness Omnibus),Tamora Pierce, SFBC,"March, 2005",First Test (Protector of the Small Series #1),Tamora Pierce,Random House Children's Books,2004,0
5593,9780743294386,9781416525660,Devil Bones,Kathy Reichs, Scribner Book Company,2008,Devil Bones (Temperance Brennan Series #11),Kathy Reichs,Pocket Star,2009,1
5622,9780743298858,9781442429345,The Book of Lost Things,John Connolly, Atria Books,2006,The Book of Lost Things,John Connolly,Simon & Schuster Books For Young Readers,2011,1
5627,9780743418171,9780743418171,Good in Bed,Jennifer Weiner, Washington Square Press,2002,Good in Bed,Jennifer Weiner,Washington Square Press,2002,1
5659,9780743454155,9780743454155,Blood Memory,Greg Iles, Pocket Star,2005,Blood Memory,Greg Iles,Pocket Star,2005,1
5706,9780743468695,9780425227985,Naked Prey,John Sandford, Simon & Schuster,2004,Phantom Prey (Lucas Davenport Series #18),John Sandford,Penguin Publishing Group,2009,0
5770,9780747267638,9780312991463,To the Nines,Janet Evanovich, St. Martin's Press,2004,To the Nines (Stephanie Plum Series #9),Janet Evanovich,St. Martin's Press,2004,1
5787,9780751550696,9780143126690,The Killer Next Door,Alex Marwood, Sphere,2014,The Killer Next Door,Alex Marwood,Penguin Publishing Group,2014,1
5797,9780752877136,9780316099240,A Question of Blood,Ian Rankin, McArthur,2005,A Question of Blood (Inspector John Rebus Series #14),Ian Rankin,"Little, Brown and Company",2010,1
5836,9780758216410,9780758231994,Succubus Blues,Richelle Mead, Kensington,2007,Succubus Heat (Georgina Kincaid Series #4),Richelle Mead,Kensington,2009,0
5861,9780758216434,9780821780794,Succubus Dreams,Richelle Mead, Kensington,2008,Succubus Dreams (Georgina Kincaid Series #3),Richelle Mead,Kensington,2012,1
5872,9780758232007,9780758231994,Succubus Shadows,Richelle Mead, Kensington,2010,Succubus Heat (Georgina Kincaid Series #4),Richelle Mead,Kensington,2009,0
5898,9780759529519,9780316038317,"Maximum Ride: The Manga, Vol. 1",James Patterson, Yen Press,2009,FANG (Maximum Ride Series #6),James Patterson,"Little, Brown and Company",2011,0
5915,9780764201233,9781937573379,Mozart's Sister,Nancy Moser, Bethany House Publishers,2006,Mozart's Sister,Nancy Moser,"Greenbrier Book Company, LLC",2012,1
5919,9780765302304,9780765341532,The Gathering Storm,Robert Jordan, Tor Books,2009,The Gathering Storm (Wheel of Time Series #12),Robert Jordan,Tom Doherty Associates,2010,1
5940,9780765316554,9780765348791,Dust of Dreams,Steven Erikson, Tom Doherty Associates,2009,Deadhouse Gates (Malazan Book of the Fallen Series #2),Steven Erikson,Tom Doherty Associates,2006,0
5942,9780765316554,9780765348814,Dust of Dreams,Steven Erikson, Tom Doherty Associates,2009,House of Chains (Malazan Book of the Fallen Series #4),Steven Erikson,Tom Doherty Associates,2007,0
5947,9780765316899,9780765365286,The Hero of Ages,Brandon Sanderson, Tor Books,2008,Words of Radiance (Stormlight Archive Series #2),Brandon Sanderson,Tom Doherty Associates,2015,0
5960,9780765321503,9780765361202,Bitter Seeds,Ian Tregillis, Tor Books,2010,Bitter Seeds,Ian Tregillis,Tom Doherty Associates,2012,1
5964,9780765325952,9780765334343,A Memory of Light,Robert Jordan, Tor Books,2013,The Great Hunt (Wheel of Time Series #2),Robert Jordan,Tom Doherty Associates,2012,0
5965,9780765325952,9780765341532,A Memory of Light,Robert Jordan, Tor Books,2013,The Gathering Storm (Wheel of Time Series #12),Robert Jordan,Tom Doherty Associates,2010,0
5969,9780765326263,9780765388117,A Dog's Purpose,W. Bruce Cameron, Forge Books,2010,A Dog's Purpose,W. Bruce Cameron,Tom Doherty Associates,2016,1
5976,9780765326355,9780765376671,The Way of Kings,Brandon Sanderson, Tor Books,2010,The Way of Kings (Stormlight Archive Series #1),Brandon Sanderson,Tom Doherty Associates,2014,1
5986,9780765328656,9780765328687,Anna Dressed in Blood,Kendare Blake, Tor Teen,2011,Girl of Nightmares (Anna Dressed in Blood Series #2),Kendare Blake,Tom Doherty Associates,2014,0
5992,9780765329042,9780812533057,"Earth Unaware (The First Formic War, #1)",Orson Scott Card, Tor Books,2012,Seventh Son (Alvin Maker Series #1),Orson Scott Card,Tom Doherty Associates,1993,0
6052,9780765348814,9780765348784,House of Chains,Steven Erikson, Tor Fantasy,"March, 2007",Gardens of the Moon (Malazan Book of the Fallen Series #1),Steven Erikson,Tom Doherty Associates,2005,0
6055,9780765348814,9780765348814,House of Chains,Steven Erikson, Tor Fantasy,"March, 2007",House of Chains (Malazan Book of the Fallen Series #4),Steven Erikson,Tom Doherty Associates,2007,1
6072,9780767908184,9780767919395,A Short History of Nearly Everything,Bill Bryson, Broadway Books,2004,At Home: A Short History of Private Life,Bill Bryson,Knopf Doubleday Publishing Group,2011,0
6089,9780767919388,9780767919395,At Home: A Short History of Private Life,Bill Bryson, Doubleday,2010,At Home: A Short History of Private Life,Bill Bryson,Knopf Doubleday Publishing Group,2011,1
6094,9780767919401,9780767902526,One Summer: America 1927,Bill Bryson, Doubleday,2013,A Walk in the Woods: Rediscovering America on the Appalachian Trail,Bill Bryson,Crown/Archetype,1999,0
6098,9780770430078,9780156027328,Life of Pi,Yann Martel, Seal Books,2006,Life of Pi,Yann Martel,Houghton Mifflin Harcourt,2003,1
6108,9780778303763,9780373778447,"The Darkest Passion (Lords of the Underworld, #5)",Gena Showalter, Mira,2010,Burning Dawn (Angels of the Dark Series #3),Gena Showalter,Harlequin,2014,0
6114,9780778324218,9780778329077,Stray,Rachel Vincent, Mira Books,2007,Stray (Shifters Series #1),Rachel Vincent,MIRA,2010,1
6116,9780778324331,9780778325345,Poison Study,Maria V. Snyder, Mira,2007,Fire Study,Maria V. Snyder,MIRA,2008,0
6129,9780778327400,9781460320853,The Weight of Silence,Heather Gudenkauf, Mira,2009,The Weight of Silence: A Novel of Suspense,Heather Gudenkauf,MIRA,2013,1
6159,9780786717057,9781472113306,Madame de Stael,Maria Fairweather, Da Capo Press,2006,Madame de Stael,Maria Fairweather,"Little, Brown Book Group",2013,1
6162,9780786816583,9780786816583,Crispin: The Cross of Lead,Avi, Disney-Hyperion,2004,The Cross of Lead (Crispin Series #1),Avi,Disney Press,2004,1
6164,9780786817870,9781423108375,Artemis Fowl,Eoin Colfer, Miramax,2003,Artemis Fowl; The Time Paradox,Eoin Colfer,Disney Press,2009,0
6165,9780786817870,9781423124528,Artemis Fowl,Eoin Colfer, Miramax,2003,Artemis Fowl,Eoin Colfer,Disney-Hyperion,2009,1
6168,9780786818594,9780786852550,The Amulet of Samarkand,Jonathan Stroud, Disney-Hyperion,2003,The Amulet of Samarkand (Bartimaeus Series #1),Jonathan Stroud,Disney Press,2004,1
6191,9780786849079,9780786849079,Peter and the Starcatchers,Dave Barry, Disney Editions,2006,Peter and the Starcatchers (Starcatchers Series #1),Dave Barry,Disney Press,2006,1
6200,9780786856862,9781423141990,The Sea of Monsters,Rick Riordan, Hyperion Books,2006,The Son of Neptune (The Heroes of Olympus Series #2),Rick Riordan,Disney Press,2013,0
6201,9780786856862,9781423142003,The Sea of Monsters,Rick Riordan, Hyperion Books,2006,The Mark of Athena (The Heroes of Olympus Series #3),Rick Riordan,Disney Press,2014,0
6205,9780786856862,9781423146773,The Sea of Monsters,Rick Riordan, Hyperion Books,2006,The House of Hades (Heroes of Olympus Series #4),Rick Riordan,Disney Press,2015,0
6211,9780786887583,9780786887583,Napalm & Silly Putty,George Carlin, Hyperion,2002,Napalm & Silly Putty,George Carlin,Hachette Books,2002,1
6214,9780800759490,9780800726805,90 Minutes in Heaven,Don Piper, Revell,2004,90 Minutes in Heaven: A True Story of Death and Life (Movie-Tie-In Edition),Don Piper,Baker Publishing Group,2015,1
6221,9780802122551,9780802123701,Euphoria,Lily King, Atlantic Monthly Press,2014,Euphoria,Lily King,"Grove/Atlantic, Inc.",2015,1
6225,9780802142818,9780802142818,The Inheritance of Loss,Kiran Desai, Grove Press,2005,The Inheritance of Loss,Kiran Desai,"Grove/Atlantic, Inc.",2006,1
6246,9780804119436,9780449005415,Horse Heaven,Jane Smiley, Ballantine Books,2003,Horse Heaven,Jane Smiley,Random House Publishing Group,2001,1
6259,9780805076882,9780805076882,Hegemony or Survival,Noam Chomsky, Holt Paperbacks,2004,Hegemony or Survival: America's Quest for Global Dominance (The American Empire Project),Noam Chomsky,"Holt, Henry & Company, Inc.",2004,1
6268,9780805092523,9783401806402,Rubinrot,Kerstin Gier, Henry Holt,2011,Liebe geht durch alle Zeiten: Rubinrot. Saphirblau. SmaragdgrÌ_n. Ausgaben mit Filmbildern:,Kerstin Gier,Arena Verlag,2016,0
6278,9780812575484,9781429913065,"Through Wolf's Eyes (Firekeeper Saga, #1)",Jane Lindskold, Tor Fantasy,2002,Through Wolf's Eyes,Jane Lindskold,Tom Doherty Associates,2002,1
6285,9780812966008,9780375756788,Theodore Rex,Edmund Morris, Random House Trade Paperbacks,2002,The Rise of Theodore Roosevelt,Edmund Morris,Random House Publishing Group,2001,0
6291,9780812971064,9780812971064,Reading Lolita in Tehran: A Memoir in Books,Azar Nafisi, Random House Trade Paperbacks,2003,Reading Lolita in Tehran: A Memoir in Books,Azar Nafisi,Random House Publishing Group,2003,1
6313,9780812981964,9780679640516,Luka and the Fire of Life,Salman Rushdie, Random House,2010,The Enchantress of Florence,Salman Rushdie,Random House Publishing Group,2009,0
6321,9780812993295,9780812983456,The Unlikely Pilgrimage of Harold Fry,Rachel Joyce, Random House,2012,The Unlikely Pilgrimage of Harold Fry: A Novel,Rachel Joyce,Random House Publishing Group,2013,1
6432,9781250000972,9780312993535,The Sins of the Father,Jeffrey Archer, St. Martin's Press,2012,Sons of Fortune,Jeffrey Archer,St. Martin's Press,2003,0
6452,9781250034489,9781250073181,Be Careful What You Wish For,Jeffrey Archer, St. Martin's Press / MacMillan,2014,Be Careful What You Wish For (Clifton Chronicles Series #4),Jeffrey Archer,St. Martin's Press,2015,1
6468,9781400030385,9781400030385,The Piano Tuner,Daniel Mason, Vintage,"September, 2003",The Piano Tuner,Daniel Mason,Knopf Doubleday Publishing Group,2003,1
6476,9781400032280,9782246797883,La Joueuse de go,Shan Sa, Vintage,2004,La joueuse de go,Shan Sa,Grasset,2001,1
6479,9781400032716,9781400032716,The Curious Incident of the Dog in the Night-Time,Mark Haddon, Vintage,2004,The Curious Incident of the Dog in the Night-Time,Mark Haddon,Knopf Doubleday Publishing Group,2004,1
6502,9781400049622,9781400049622,The Zombie Survival Guide: Complete Protection from the Living Dead,Max Brooks, Broadway Books,2003,The Zombie Survival Guide: Complete Protection from the Living Dead,Max Brooks,Crown/Archetype,2003,1
6513,9781400063970,9780812974157,The 19th Wife,David Ebershoff, Random House,2008,The 19th Wife,David Ebershoff,Random House Publishing Group,2009,1
6518,9781400064717,9780449004838,Dreamers of the Day,Mary Doria Russell, Random House,2008,Children of God,Mary Doria Russell,Random House Publishing Group,1999,0
6524,9781400065455,9780812976366,The Thousand Autumns of Jacob de Zoet,David Mitchell, Random House,2010,The Thousand Autumns of Jacob de Zoet,David Mitchell,Random House Publishing Group,2011,1
6538,9781400067558,9780812979329,"Behind the Beautiful Forevers: Life, Death, and Hope in a Mumbai Undercity",Katherine Boo, Random House,2012,"Behind the Beautiful Forevers: Life, Death, and Hope in a Mumbai Undercity",Katherine Boo,Random House Publishing Group,2014,1
6562,9781400076192,9781400076192,Saturday,Ian McEwan, Anchor,2006,Saturday,Ian McEwan,Knopf Doubleday Publishing Group,2006,1
6578,9781400078677,9781400078677,The Island at the Center of the World: The Epic Story of Dutch Manhattan and the Forgotten Colony That Shaped America,Russell Shorto, Vintage,2005,"The Island at the Center of the World: The Epic Story of Dutch Manhattan, and the Forgotten Colony That Shaped America",Russell Shorto,Knopf Doubleday Publishing Group,2005,1
6621,9781401201135,9781401234027,The Sandman: Endless Nights,Neil Gaiman, Vertigo,2004,The Sandman Vol. 8: World's End,Neil Gaiman,DC Comics,2012,0
6668,9781405034142,9780765307347,Kushiel's Avatar,Jacqueline Carey, Tor,2004,Kushiel's Chosen,Jacqueline Carey,Tom Doherty Associates,2015,0
6709,9781406331165,9780062403179,The Rest of Us Just Live Here,Patrick Ness, Walker Books,2015,The Rest of Us Just Live Here,Patrick Ness,HarperCollins Publishers,2016,1
6712,9781406331165,9780763676193,The Rest of Us Just Live Here,Patrick Ness, Walker Books,2015,Monsters of Men (Reissue with bonus short story) (Chaos Walking Series #3),Patrick Ness,Candlewick Press,2014,0
6722,9781408808870,9781608196111,The Finkler Question,Howard Jacobson, Bloomsbury,2010,The Finkler Question,Howard Jacobson,Bloomsbury USA,2010,1
6727,9781408852590,9781619635173,The Assassin's Blade,Sarah J. Maas, Bloomsbury Childrens,2014,The Assassin's Blade: The Throne of Glass Novellas,Sarah J. Maas,Bloomsbury USA,2015,1
6733,9781408858615,9781619635173,Queen of Shadows,Sarah J. Maas, Bloomsbury UK,2015,The Assassin's Blade: The Throne of Glass Novellas,Sarah J. Maas,Bloomsbury USA,2015,0
6734,9781408858615,9781619635180,Queen of Shadows,Sarah J. Maas, Bloomsbury UK,2015,A Court of Thorns and Roses (Court of Thorns and Roses Series #1),Sarah J. Maas,Bloomsbury USA,2016,0
6746,9781411648845,9780982214503,The Kissing Room,Cheryl Anne Gardner, Lulu,2006,The Kissing Room,Cheryl Anne Gardner,Twisted Knickers Publications,2008,1
6761,9781416510567,9780671028374,Fatal Voyage,Kathy Reichs, Pocket Star Books,2005,Fatal Voyage (Temperance Brennan Series #4),Kathy Reichs,Pocket Star,2002,1
6774,9781416516934,9781416516934,Wolves of the Calla,Stephen King, Pocket Books,2006,Wolves of the Calla (Dark Tower Series #5),Stephen King,Pocket Books,2006,1
6807,9781416521495,9781416516934,Song of Susannah,Stephen King, Pocket Books,2006,Wolves of the Calla (Dark Tower Series #5),Stephen King,Pocket Books,2006,0
6808,9781416521495,9781416521495,Song of Susannah,Stephen King, Pocket Books,2006,Song of Susannah (The Dark Tower Series #6),Stephen King,Pocket Books,2006,1
6848,9781416524359,9781451658095,Everything's Eventual: 14 Dark Tales,Stephen King, Pocket Books,2005,The Wind through the Keyhole (Dark Tower Series),Stephen King,Pocket Books,2013,0
6908,9781416524526,9781416521495,The Dark Tower,Stephen King, Pocket Books,2006,Song of Susannah (The Dark Tower Series #6),Stephen King,Pocket Books,2006,0
6920,9781416524526,9781501143519,The Dark Tower,Stephen King, Pocket Books,2006,The Gunslinger (Dark Tower Series #1),Stephen King,Scribner,2016,0
6942,9781416540748,9781416571308,The Tenderness of Wolves,Stef Penney, Simon & Schuster,2007,The Tenderness of Wolves,Stef Penney,Simon & Schuster,2008,1
7010,9781416584087,9781416586654,Just After Sunset,Stephen King, Scribner,2008,Just after Sunset,Stephen King,Pocket Books,2009,1
7031,9781416585831,9781416585848,Dog on It,Spencer Quinn, Atria Books,2009,Dog on It (Chet and Bernie Series #1),Spencer Quinn,Atria Books,2009,1
7052,9781416914280,9781481455992,City of Bones,Cassandra Clare, Margaret K. McElderry Books,2007,City of Fallen Angels (The Mortal Instruments Series #4),Cassandra Clare,Margaret K. McElderry Books,2015,0
7054,9781416914297,9781481455923,City of Ashes,Cassandra Clare, Margaret K. McElderry Books,2008,City of Bones (The Mortal Instruments Series #1),Cassandra Clare,Margaret K. McElderry Books,2015,0
7059,9781416914303,9781481455923,City of Glass,Cassandra Clare, Margaret K. McElderry Books,2009,City of Bones (The Mortal Instruments Series #1),Cassandra Clare,Margaret K. McElderry Books,2015,0
7071,9781416940906,9781442471818,"Glass (Crank, #2)",Ellen Hopkins, Margaret K. McElderry Books,2007,Crank (Crank Series #1),Ellen Hopkins,Margaret K. McElderry Books,2013,0
7086,9781416951179,9781442419780,Extras,Scott Westerfeld, Simon Pulse,2007,Extras (Uglies Series #4),Scott Westerfeld,Simon Pulse,2011,1
7094,9781416954224,9781416954231,Sent,Margaret Peterson Haddix, Simon & Schuster Books For Young Readers,2009,Sent (Missing Series #2),Margaret Peterson Haddix,Simon & Schuster Books For Young Readers,2010,1
7123,9781416983095,9781442483750,Thirst No. 2,Christopher Pike, Simon Pulse,2010,Thirst: Thirst No. 1; Thirst No. 2; Thirst No. 3,Christopher Pike,Simon Pulse,2013,0
7129,9781416983309,9781416983316,Tilt,Ellen Hopkins, Margaret K. McElderry Books,2012,Tilt,Ellen Hopkins,Margaret K. McElderry Books,2014,1
7133,9781416986201,9781416986218,Slice of Cherry,Dia Reeves, Simon Pulse,2011,Slice of Cherry,Dia Reeves,Simon Pulse,2011,1
7135,9781416989417,9781442426689,"Hush, Hush",Becca Fitzpatrick, Simon & Schuster BFYR,2009,"Finale (Hush, Hush Saga #4)",Becca Fitzpatrick,Simon & Schuster Books For Young Readers,2013,0
7139,9781416990499,9781416990505,Everfound,Neal Shusterman, Simon & Schuster Children's Publishing,2011,Everfound (Skinjacker Trilogy Series #3),Neal Shusterman,Simon & Schuster Books For Young Readers,2012,1
7144,9781416997856,9781481455985,The Mortal Instruments Boxed Set: City of Bones; City of Ashes; City of Glass,Cassandra Clare, Margaret K. McElderry Books,2009,City of Glass (The Mortal Instruments Series #3),Cassandra Clare,Margaret K. McElderry Books,2015,0
7148,9781420102765,9781420102765,Left To Die,Lisa Jackson, Zebra,2008,Left to Die (Montana 'To Die' Series #1),Lisa Jackson,Kensington,2013,1
7149,9781420111873,9781420124330,Hunted by the Others,Jess Haines, Zebra,2010,Deceived by the Others,Jess Haines,Kensington,2011,0
7158,9781423100058,9781484785065,Cross My Heart and Hope to Spy,Ally Carter, Hyperion,2007,Only the Good Spy Young (10th Anniversary Edition) (Gallagher Girls Series #4),Ally Carter,Disney Press,2016,0
7170,9781423101468,9781423146773,The Battle of the Labyrinth,Rick Riordan, Hyperion Books for Children,2008,The House of Hades (Heroes of Olympus Series #4),Rick Riordan,Disney Press,2015,0
7171,9781423101468,9781423160915,The Battle of the Labyrinth,Rick Riordan, Hyperion Books for Children,2008,The Sword of Summer (Magnus Chase and the Gods of Asgard Series #1),Rick Riordan,Disney Press,2015,0
7224,9781423121305,9781423128441,Hex Hall,Rachel Hawkins, Hyperion Book CH,2010,Demonglass (Hex Hall Series #2),Rachel Hawkins,Disney Press,2012,0
7235,9781423128205,9781484785065,Only the Good Spy Young,Ally Carter, Hyperion Book CH,2010,Only the Good Spy Young (10th Anniversary Edition) (Gallagher Girls Series #4),Ally Carter,Disney Press,2016,1
7244,9781423140566,9781423142010,The Throne of Fire,Rick Riordan, Hyperion Books for Children,2011,The Throne of Fire (Kane Chronicles Series #2),Rick Riordan,Disney Press,2012,1
7281,9781423140603,9780545060394,"The Mark of Athena (The Heroes of Olympus, #3)",Rick Riordan, Disney-Hyperion Book,2012,The Maze of Bones (The 39 Clues Series #1),Rick Riordan,"Scholastic, Inc.",2008,0
7299,9781423146728,9781423101499,The House of Hades,Rick Riordan, Disney-Hyperion Books,2013,The Battle of the Labyrinth (Percy Jackson and the Olympians Series #4),Rick Riordan,Disney-Hyperion,2009,0
7307,9781423146728,9781423146773,The House of Hades,Rick Riordan, Disney-Hyperion Books,2013,The House of Hades (Heroes of Olympus Series #4),Rick Riordan,Disney Press,2015,1
7308,9781423146728,9781423160915,The House of Hades,Rick Riordan, Disney-Hyperion Books,2013,The Sword of Summer (Magnus Chase and the Gods of Asgard Series #1),Rick Riordan,Disney Press,2015,0
7316,9781423146735,9781423103349,The Blood of Olympus,Rick Riordan, Disney-Hyperion Books,2014,The Sea of Monsters (Percy Jackson and the Olympians Series #2),Rick Riordan,Disney-Hyperion,2007,0
7325,9781423146735,9781484782682,The Blood of Olympus,Rick Riordan, Disney-Hyperion Books,2014,The Hidden Oracle (B&N Exclusive Edition) (The Trials of Apollo Series #1),Rick Riordan,Disney Press,2016,0
7345,9781423160915,9781423146735,The Sword of Summer,Rick Riordan, Disney - Hyperion Books,2015,The Blood of Olympus (Heroes of Olympus Series #5),Rick Riordan,Disney Press,2014,0
7349,9781423160915,9781484782682,The Sword of Summer,Rick Riordan, Disney - Hyperion Books,2015,The Hidden Oracle (B&N Exclusive Edition) (The Trials of Apollo Series #1),Rick Riordan,Disney Press,2016,0
7374,9781430312567,9780982214510,The Thin Wall,Cheryl Anne Gardner, Lulu,2007,The Thin Wall,Cheryl Anne Gardner,Twisted Knickers Publications,2009,1
7399,9781439107959,9781439170915,The Emperor of All Maladies: A Biography of Cancer,Siddhartha Mukherjee, Scribner,2010,The Emperor of All Maladies: A Biography of Cancer,Siddhartha Mukherjee,Scribner,2011,1
7493,9781442409057,9781442409064,Wither,Lauren DeStefano, Simon & Schuster Books for Young Readers,2011,Wither (Chemical Garden Series #1),Lauren DeStefano,Simon & Schuster Books For Young Readers,2011,1
7497,9781442413337,9781442413344,Where Things Come Back,John Corey Whaley, Atheneum Books for Young Readers,2011,Where Things Come Back,John Corey Whaley,Atheneum Books for Young Readers,2012,1
7511,9781442484238,9781442421806,The Retribution of Mara Dyer,Michelle Hodkin, Simon & Schuster Books for Young Readers,2014,The Evolution of Mara Dyer (Mara Dyer Trilogy Series #2),Michelle Hodkin,Simon & Schuster Books For Young Readers,2013,0
7512,9781442486591,9781442486607,Dangerous Girls,Abigail Haas, Simon Pulse,2013,Dangerous Girls,Abigail Haas,Simon Pulse,2014,1
7518,9781443411950,9780812988932,The Best Place on Earth: Stories,Ayelet Tsabari, HarperCollins Canada,2013,The Best Place on Earth,Ayelet Tsabari,Random House Publishing Group,2016,1
7584,9781451629187,9781451629194,A Stolen Life,Jaycee Dugard, Simon & Schuster,2011,A Stolen Life: A Memoir,Jaycee Dugard,Simon & Schuster,2012,1
7623,9781455536344,9781455536351,The Steel Kiss,Jeffery Deaver, Grand Central Publishing,2016,The Steel Kiss (Lincoln Rhyme Series #12),Jeffery Deaver,Grand Central Publishing,2016,1
7627,9781455895700,9781455895649,One Breath Away,Heather Gudenkauf, Brilliance Audio,2012,One Breath Away,Heather Gudenkauf,Brilliance Audio,2012,1
7631,9781458058744,9781466475427,Cemetery Street,John Zunski, Smashwords,2011,Cemetery Street,John Zunski,CreateSpace Publishing,2012,1
7640,9781476712987,9781476712987,Walking Disaster,Jamie McGuire, Atria Books,2013,Walking Disaster (Beautiful Disaster Series #2),Jamie McGuire,Atria Books,2013,1
7748,9781477808702,9781612183954,Wayward,Blake Crouch, Thomas & Mercer,2013,Pines (Wayward Pines #1),Blake Crouch,Thomas & Mercer,2012,0
7768,9781484732748,9781484782682,The Hidden Oracle,Rick Riordan, Disney-Hyperion,2016,The Hidden Oracle (B&N Exclusive Edition) (The Trials of Apollo Series #1),Rick Riordan,Disney Press,2016,1
7769,9781491715741,9781491715727,Cracked Hearts: The Story of Ultimate Betrayal and Love,Linda Masemore Pirrung, iUniverse,2013,Cracked Hearts: The Story of Ultimate Betrayal and Love,Linda Masemore Pirrung,"iUniverse, Incorporated",2013,1
7814,9781554682744,9780061961328,Wondrous Strange,Lesley Livingston, HarperTrophyCanada,"December, 2009",Darklight (Wondrous Strange Series #2),Lesley Livingston,HarperCollins Publishers,2009,0
7824,9781563899805,9781607066019,"Y: The Last Man, Vol. 1: Unmanned",Brian K. Vaughan, Vertigo,2003,"Saga, Volume 1",Brian K. Vaughan,Image Comics,2012,0
7830,9781565125674,9781565126404,The Future of Love: A Novel,Shirley Abbott, Algonquin Books,2008,The Future of Love: A Novel,Shirley Abbott,Algonquin Books of Chapel Hill,2008,1
7843,9781569476130,9781569478653,Dying Gasp: A Chief Inspector Mario Silva Investigation,Leighton Gage, Soho Crime,2010,Dying Gasp (Chief Inspector Mario Silva Series #3),Leighton Gage,"Soho Press, Incorporated",2010,1
7881,9781582348490,9780747561248,At the Sign of the Sugared Plum,Mary Hooper, Bloomsbury USA Childrens,2003,At the Sign of the Sugared Plum,Mary Hooper,Gardners Books,2003,1
7895,9781582349237,9781619636170,"The Frog Princess (The Tales of the Frog Princess, #1)",E.D. Baker, Bloomsbury USA Childrens,2004,The Frog Princess (The Tales of the Frog Princess Series #1),E. D. Baker,Bloomsbury USA,2014,1
7906,9781586483180,9780786738977,Slave: My True Story,Mende Nazer, PublicAffairs,2005,Slave: My True Story,Mende Nazer,PublicAffairs,2009,1
7907,9781587246708,9780553816969,The Journals of Eleanor Druse: My Investigation of the Kingdom Hospital Incident,Eleanor Druse, Wheeler Publishing,2004,The Journals of Eleanor Druse: My Investigation of the Kingdom Hospital Incident,Eleanor Druse,Transworld Publishers Limited,2004,1
7960,9781591396192,9781625274496,Blue Ocean Strategy: How to Create Uncontested Market Space and Make Competition Irrelevant,W. Chan Kim, Harvard Business Review Press,2005,"Blue Ocean Strategy, Expanded Edition: How to Create Uncontested Market Space and Make the Competition Irrelevant",W. Chan Kim,Harvard Business Review Press,2015,1
7965,9781593150020,9781934876756,Song of the Unicorns (Avalon; Quest for Magic #1),Rachel Roberts, CDS Books,2003,Dark Mage (Avalon Web of Magic Series #11),Rachel Roberts,Seven Seas Entertainment LLC,2009,0
8001,9781594201455,9780375760396,In Defense of Food: An Eater's Manifesto,Michael Pollan," Penguin Press HC, The",2008,The Botany of Desire: A Plant's-Eye View of the World,Michael Pollan,Random House Publishing Group,2002,0
8015,9781594204234,9780143125754,Bleeding Edge,Thomas Pynchon, Penguin Press,2013,Bleeding Edge,Thomas Pynchon,Penguin Publishing Group,2014,1
8017,9781594204494,9780143124979,Ghana Must Go,Taiye Selasi, Penguin Press,2013,Ghana Must Go,Taiye Selasi,Penguin Publishing Group,2014,1
8031,9781594486005,9781594633942,A Brief History of Seven Killings,Marlon James, Riverhead Books,2014,A Brief History of Seven Killings,Marlon James,Penguin Publishing Group,2015,1
8062,9781594746031,9781594749711,Miss PeregrineÛªs Home for Peculiar Children,Ransom Riggs, Quirk Books,2013,Miss Peregrine's Home for Peculiar Children (Barnes & Noble Exclusive Movie Tie-In Edition),Ransom Riggs,Quirk Publishing,2016,1
8063,9781594746376,9781594747915,"William Shakespeare's Star Wars: Verily, a New Hope",Ian Doescher, Quirk Books,2013,"William Shakespeare's Star Wars Trilogy: The Royal Imperial Boxed Set: Includes Verily, A New Hope; The Empire Striketh Back; The Jedi Doth Return; and and 8-by-34-inch full-color poster",Ian Doescher,Quirk Publishing,2014,0
8213,9781595143426,9781595144263,Virals,Kathy Reichs, Penguin Razorbill,2010,Virals (Virals Series #1),Kathy Reichs,Penguin Young Readers Group,2011,1
8225,9781596329553,9781596329553,Gaven,J.C. Owens," Loose Id, LLC",2009,Gaven,J. C. Owens,Loose Id LLC,2009,1
8243,9781596911062,9781596917538,The Gum Thief,Douglas Coupland, Bloomsbury,2007,The Gum Thief: A Novel,Douglas Coupland,Bloomsbury USA,2011,1
8263,9781599900735,9781619636132,Princess Academy,Shannon Hale, Bloomsbury USA Childrens,2007,Princess Academy (Princess Academy Series #1),Shannon Hale,Bloomsbury USA,2015,1
8286,9781606965504,9781606965504,The Manufactured Identity,Heath Sommer, Tate Publishing & Enterprises,2009,The Manufactured Identity,Heath Sommer,"Tate Publishing & Enterprises, L.L.C.",2009,1
8296,9781608195220,9781608196265,Salvage the Bones,Jesmyn Ward, Bloomsbury USA,2011,Salvage the Bones,Jesmyn Ward,Bloomsbury USA,2012,1
8297,9781608196265,9781608196265,Salvage the Bones,Jesmyn Ward, Bloomsbury USA,2012,Salvage the Bones,Jesmyn Ward,Bloomsbury USA,2012,1
8299,9781609450786,9788866320951,L'Amica geniale,Elena Ferrante, Europa Editions,2012,L'amica geniale (My Brilliant Friend),Elena Ferrante,Edizioni e/o,2011,1
8307,9781619630345,9781619630642,Throne of Glass,Sarah J. Maas, Bloomsbury USA Childrens,2013,Crown of Midnight (Throne of Glass Series #2),Sarah J. Maas,Bloomsbury USA,2014,0
8310,9781619630345,9781619635173,Throne of Glass,Sarah J. Maas, Bloomsbury USA Childrens,2013,The Assassin's Blade: The Throne of Glass Novellas,Sarah J. Maas,Bloomsbury USA,2015,0
8315,9781619630628,9781619635173,Crown of Midnight,Sarah J. Maas, Bloomsbury USA Childrens,2013,The Assassin's Blade: The Throne of Glass Novellas,Sarah J. Maas,Bloomsbury USA,2015,0
8323,9781619630659,9781619630673,Heir of Fire,Sarah J. Maas, Bloomsbury USA Childrens,2014,Heir of Fire (Throne of Glass Series #3),Sarah J. Maas,Bloomsbury USA,2015,1
8326,9781619630659,9781619635180,Heir of Fire,Sarah J. Maas, Bloomsbury USA Childrens,2014,A Court of Thorns and Roses (Court of Thorns and Roses Series #1),Sarah J. Maas,Bloomsbury USA,2016,0
8328,9781619630673,9781619630673,Heir of Fire,Sarah J. Maas, Bloomsbury USA Childrens,2015,Heir of Fire (Throne of Glass Series #3),Sarah J. Maas,Bloomsbury USA,2015,1
8334,9781619634442,9781619634466,A Court of Thorns and Roses,Sarah J. Maas, Bloomsbury USA Childrens,2015,A Court of Mist and Fury (Court of Thorns and Roses Series #2),Sarah J. Maas,Bloomsbury USA,2016,0
8342,9781620401392,9781620408957,The Bone Season,Samantha Shannon, Bloomsbury USA,2013,The Mime Order (Bone Season Series #2),Samantha Shannon,Bloomsbury USA,2016,0
8350,9781627792134,9781627792134,Crooked Kingdom,Leigh Bardugo, Henry Holt and Company,2016,Crooked Kingdom (Six of Crows Series #2),Leigh Bardugo,Henry Holt and Co. (BYR),2016,1
8351,9781632150776,9781607066019,"Saga, Volume Four",Brian K. Vaughan, Image Comics,2014,"Saga, Volume 1",Brian K. Vaughan,Image Comics,2012,0
8353,9781681190495,9781619630642,Queen of Shadows,Sarah J. Maas, Bloomsbury,2015,Crown of Midnight (Throne of Glass Series #2),Sarah J. Maas,Bloomsbury USA,2014,0
8354,9781681190495,9781619630673,Queen of Shadows,Sarah J. Maas, Bloomsbury,2015,Heir of Fire (Throne of Glass Series #3),Sarah J. Maas,Bloomsbury USA,2015,0
8356,9781681190495,9781619635173,Queen of Shadows,Sarah J. Maas, Bloomsbury,2015,The Assassin's Blade: The Throne of Glass Novellas,Sarah J. Maas,Bloomsbury USA,2015,0
8390,9781780484549,9781501143519,"The Dark Tower Series Collection: The Gunslinger, The Drawing of the Three, The Waste Lands, Wizard and Glass, Wolves of the Calla, Song of Susannah, The Dark Tower",Stephen King, Zatpix,2011,The Gunslinger (Dark Tower Series #1),Stephen King,Scribner,2016,0
8437,9781783751778,9781597808682,Just One Damned Thing After Another,Jodi Taylor, Accent Press,2013,Just One Damned Thing After Another: The Chronicles of St. Mary's Book One,Jodi Taylor,Night Shade Books,2016,1
8450,9781841493008,9780425283844,Living Dead in Dallas,Charlaine Harris, Orbit,2004,A Touch of Dead: Sookie Stackhouse Stories,Charlaine Harris,Penguin Publishing Group,2015,0
8459,9781841493015,9780425283844,Club Dead,Charlaine Harris, Orbit,2006,A Touch of Dead: Sookie Stackhouse Stories,Charlaine Harris,Penguin Publishing Group,2015,0
8532,9781841498683,9780765334343,Towers of Midnight,Robert Jordan, Orbit,2010,The Great Hunt (Wheel of Time Series #2),Robert Jordan,Tom Doherty Associates,2012,0
8536,9781841498683,9780812577563,Towers of Midnight,Robert Jordan, Orbit,2010,Knife of Dreams (Wheel of Time Series #11),Robert Jordan,Tom Doherty Associates,2006,0
8551,9781841959146,9781841959146,The Secret River,Kate Grenville, Canongate U.S.,2007,The Secret River,Kate Grenville,Canongate U.S.,2007,1
8591,9781849013765,9780440244493,Darker After Midnight,Lara Adrian, Robinson Publishing,2012,Veil of Midnight (Midnight Breed Series #5),Lara Adrian,Random House Publishing Group,2008,0
8593,9781849013765,9780553589375,Darker After Midnight,Lara Adrian, Robinson Publishing,2012,Kiss of Midnight (Midnight Breed Series #1),Lara Adrian,Random House Publishing Group,2007,0
8609,9781890447403,9781250069603,Mother's Milk,Edward St. Aubyn," Grove Press, Open City Books",2005,"The Complete Patrick Melrose Novels: Never Mind, Bad News, Some Hope, Mother's Milk, and At Last",Edward St. Aubyn,Picador,2015,0
8617,9781897550137,9781772030945,Grim Hill: The Forgotten Secret,Linda DeMeulemeester, Lobster Press,2009,The Secret Deepens,Linda DeMeulemeester,"Heritage House Publishing Company, Limited",2016,0
8654,9781934137192,9781934137123,Tinkers,Paul Harding, Bellevue Literary Press,2009,Tinkers,Paul Harding,Bellevue Literary Press,2009,1
8676,9781936305551,9780425265956,Gabriel's Rapture,Sylvain Reynard, Penguin Berkley,2012,Gabriel's Rapture,Sylvain Reynard,Penguin Publishing Group,2012,1
8679,9781936305629,9780425265963,Gabriel's Inferno,Sylvain Reynard, Omnific Publishing,2011,Gabriel's Inferno,Sylvain Reynard,Penguin Publishing Group,2012,1
8693,9782081246331,9782253115526,La Carte et le Territoire,Michel Houellebecq, Flammarion,2010,La Possibilite D Une Ile,Michel Houellebecq,Livre de poche,2007,0
8730,9782246760016,9781250033345,HHhH,Laurent Binet, Grasset,"January, 2010",HHhH,Laurent Binet,Picador,2013,1
8732,9782277604778,9785389088924,Michel Houellebecq : Extension du domaine de la lutte - Les particules Ì©lÌ©mentaires - Plateforme (Coffret 3 volumes),Michel Houellebecq, J'ai Lu Librio Martinguale,2002,PLATEFORME,Michel Houellebecq,Azbooka,2014,0
8746,9788129104595,9788129135490,Five Point Someone: What Not to Do at IIT,Chetan Bhagat, Rupa and Co,2006,Five Point Someone: What Not to do at IIT / Edition 2,Chetan Bhagat,Rupa Publications Pvt. Ltd.,2014,1
8762,9788370541538,9783423432023,Narrenturm,Andrzej Sapkowski, SuperNOWA,2002,Narrenturm - Gottesstreiter - Lux perpetua: Romane,Andrzej Sapkowski,dtv Verlagsgesellschaft,2017,1
8766,9788427033412,9788499980324,La reina oculta,Jorge Molist, Martinez Roca,2008,"La reina oculta: Una dama, dos rivales, tres enigmas",Jorge Molist,Grupo Planeta,2012,1
8768,9788804509523,9781101965481,A Storm Of Swords. Book Three Of A Song Of Ice And Fire,George R.R. Martin, Mondadori,"October, 2002","George R. R. Martin's A Game of Thrones Leather-Cloth Boxed Set (Song of Ice and Fire Series): A Game of Thrones, A Clash of Kings, A Storm of Swords, A Feast for Crows, and A Dance with Dragons",George R. R. Martin,Random House Publishing Group,2015,0
8770,9788804529316,9781101965481,A Storm Of Swords. Book Three Of A Song Of Ice And Fire,George R.R. Martin, Mondadori,2004,"George R. R. Martin's A Game of Thrones Leather-Cloth Boxed Set (Song of Ice and Fire Series): A Game of Thrones, A Clash of Kings, A Storm of Swords, A Feast for Crows, and A Dance with Dragons",George R. R. Martin,Random House Publishing Group,2015,0
8781,97893806587,9781623651442,The Secret of the Nagas.,Amish Tripathi, Westland,2011,The Immortals of Meluha: The Shiva Trilogy: Book 1,Amish Tripathi,Quercus,2014,0
8782,97893806587,9781623656805,The Secret of the Nagas.,Amish Tripathi, Westland,2011,The Secret of the Nagas: The Shiva Trilogy: Book 2,Amish Tripathi,Quercus,2015,1
8785,9789707704664,9788490625897,Travesuras de la niÌ±a mala,Mario Vargas Llosa, Alfaguara,2006,La casa verde,Mario Vargas Llosa,RH Espanol,2015,0
